OBG-0338-PLAC_OBG0338-WFP-RNA1,NA,MBTPS2
OBG0166_OBG0166-1-010,Escape,MBTPS2
OBG0068_OBG0068-2-021,NA,MBTPS2
OBG-0050-PLAC_OBG0050-HFP-RNA1,NA,MBTPS2
OBG-0026-PLAC_OBG0026-WFP-RNA1,NA,MBTPS2
OBG0115_OBG0115-1-010,NA,MBTPS2
OBG-0201-PLAC_OBG0201-BFP-RNA1,NA,MBTPS2
OBG0044_OBG0044-1-010,Escape,MBTPS2
OBG0133_OBG0133-1-020,NA,MBTPS2
OBG-0188-PLAC_OBG0188-BFP-RNA2,Escape,MBTPS2
OBG-0342-PLAC_OBG0342-WFP-RNA1,Escape,MBTPS2
OBG-0188-PLAC_OBG0188-BFP-RNA1,Inactivated,MBTPS2
OBG-0338-PLAC_OBG0338-WFP-RNA2,NA,MBTPS2
OBG-0180-PLAC_OBG0180-AFP-RNA1,NA,MBTPS2
OBG0133_OBG0133-2-021,NA,MBTPS2
OBG0178_OBG0178-1-020,NA,MBTPS2
OBG0166_OBG0166-2-011,Escape,MBTPS2
OBG0115_OBG0115-2-011,NA,MBTPS2
OBG-0205-PLAC_OBG0205-AFP-RNA1,Inactivated,MBTPS2
OBG0178_OBG0178-2-021,NA,MBTPS2
OBG-0205-PLAC_OBG0205-AFP-RNA2,Escape,MBTPS2
OBG-0030-PLAC_OBG0030-BFP-RNA2,Escape,MBTPS2
OBG-0024-PLAC_OBG0024-WFP-RNA1,Escape,MBTPS2
OBG-0030-PLAC_OBG0030-BFP-RNA1,Inactivated,MBTPS2
OBG-0180-PLAC_OBG0180-AFP-RNA2,NA,MBTPS2
OBG-0289-PLAC_OBG0289-BFP-RNA2,NA,MBTPS2
OBG-0050-PLAC_OBG0050-HFP-RNA2,NA,MBTPS2
OBG0068_OBG0068-1-020,NA,MBTPS2
OBG0044_OBG0044-2-011,Escape,MBTPS2
OBG-0026-PLAC_OBG0026-WFP-RNA2,NA,MBTPS2
OBG-0022-PLAC_OBG0022-WFP-RNA1,Escape,MBTPS2
OBG-0028-PLAC_OBG0028-WFP-RNA2,Escape,MBTPS2
OBG0170_OBG0170-2-021,Escape,MBTPS2
OBG0120_OBG0120-1-010,NA,MBTPS2
OBG-0138-PLAC_OBG0138-AFP-RNA2,NA,MBTPS2
OBG-0024-PLAC_OBG0024-WFP-RNA2,Escape,MBTPS2
OBG0174_OBG0174-1-020,Escape,MBTPS2
OBG-0201-PLAC_OBG0201-BFP-RNA2,NA,MBTPS2
OBG0174_OBG0174-2-011,Inactivated,MBTPS2
OBG-0138-PLAC_OBG0138-AFP-RNA1,Escape,MBTPS2
OBG-0022-PLAC_OBG0022-WFP-RNA2,Inactivated,MBTPS2
OBG0120_OBG0120-2-011,NA,MBTPS2
OBG-0342-PLAC_OBG0342-WFP-RNA2,Inactivated,MBTPS2
OBG0170_OBG0170-1-020,Inactivated,MBTPS2
OBG-0289-PLAC_OBG0289-BFP-RNA1,NA,MBTPS2
OBG-0028-PLAC_OBG0028-WFP-RNA1,Escape,MBTPS2
OBG-0338-PLAC_OBG0338-WFP-RNA1,Inactivated,SMS
OBG0166_OBG0166-1-010,NA,SMS
OBG0068_OBG0068-2-021,NA,SMS
OBG-0050-PLAC_OBG0050-HFP-RNA1,NA,SMS
OBG-0026-PLAC_OBG0026-WFP-RNA1,NA,SMS
OBG0115_OBG0115-1-010,NA,SMS
OBG-0201-PLAC_OBG0201-BFP-RNA1,NA,SMS
OBG0044_OBG0044-1-010,NA,SMS
OBG0133_OBG0133-1-020,NA,SMS
OBG-0188-PLAC_OBG0188-BFP-RNA2,Inactivated,SMS
OBG-0342-PLAC_OBG0342-WFP-RNA1,Escape,SMS
OBG-0188-PLAC_OBG0188-BFP-RNA1,NA,SMS
OBG-0338-PLAC_OBG0338-WFP-RNA2,NA,SMS
OBG-0180-PLAC_OBG0180-AFP-RNA1,NA,SMS
OBG0133_OBG0133-2-021,NA,SMS
OBG0178_OBG0178-1-020,Escape,SMS
OBG0166_OBG0166-2-011,NA,SMS
OBG0115_OBG0115-2-011,NA,SMS
OBG-0205-PLAC_OBG0205-AFP-RNA1,NA,SMS
OBG0178_OBG0178-2-021,NA,SMS
OBG-0205-PLAC_OBG0205-AFP-RNA2,NA,SMS
OBG-0030-PLAC_OBG0030-BFP-RNA2,Escape,SMS
OBG-0024-PLAC_OBG0024-WFP-RNA1,NA,SMS
OBG-0030-PLAC_OBG0030-BFP-RNA1,NA,SMS
OBG-0180-PLAC_OBG0180-AFP-RNA2,NA,SMS
OBG-0289-PLAC_OBG0289-BFP-RNA2,Escape,SMS
OBG-0050-PLAC_OBG0050-HFP-RNA2,Escape,SMS
OBG0068_OBG0068-1-020,NA,SMS
OBG0044_OBG0044-2-011,NA,SMS
OBG-0026-PLAC_OBG0026-WFP-RNA2,NA,SMS
OBG-0022-PLAC_OBG0022-WFP-RNA1,Escape,SMS
OBG-0028-PLAC_OBG0028-WFP-RNA2,Escape,SMS
OBG0170_OBG0170-2-021,NA,SMS
OBG0120_OBG0120-1-010,NA,SMS
OBG-0138-PLAC_OBG0138-AFP-RNA2,Inactivated,SMS
OBG-0024-PLAC_OBG0024-WFP-RNA2,NA,SMS
OBG0174_OBG0174-1-020,NA,SMS
OBG-0201-PLAC_OBG0201-BFP-RNA2,NA,SMS
OBG0174_OBG0174-2-011,NA,SMS
OBG-0138-PLAC_OBG0138-AFP-RNA1,Escape,SMS
OBG-0022-PLAC_OBG0022-WFP-RNA2,NA,SMS
OBG0120_OBG0120-2-011,NA,SMS
OBG-0342-PLAC_OBG0342-WFP-RNA2,Inactivated,SMS
OBG0170_OBG0170-1-020,NA,SMS
OBG-0289-PLAC_OBG0289-BFP-RNA1,NA,SMS
OBG-0028-PLAC_OBG0028-WFP-RNA1,NA,SMS
OBG-0338-PLAC_OBG0338-WFP-RNA1,NA,PLS3
OBG0166_OBG0166-1-010,NA,PLS3
OBG0068_OBG0068-2-021,NA,PLS3
OBG-0050-PLAC_OBG0050-HFP-RNA1,Inactivated,PLS3
OBG-0026-PLAC_OBG0026-WFP-RNA1,NA,PLS3
OBG0115_OBG0115-1-010,NA,PLS3
OBG-0201-PLAC_OBG0201-BFP-RNA1,Escape,PLS3
OBG0044_OBG0044-1-010,Escape,PLS3
OBG0133_OBG0133-1-020,NA,PLS3
OBG-0188-PLAC_OBG0188-BFP-RNA2,NA,PLS3
OBG-0342-PLAC_OBG0342-WFP-RNA1,NA,PLS3
OBG-0188-PLAC_OBG0188-BFP-RNA1,NA,PLS3
OBG-0338-PLAC_OBG0338-WFP-RNA2,NA,PLS3
OBG-0180-PLAC_OBG0180-AFP-RNA1,NA,PLS3
OBG0133_OBG0133-2-021,Escape,PLS3
OBG0178_OBG0178-1-020,NA,PLS3
OBG0166_OBG0166-2-011,NA,PLS3
OBG0115_OBG0115-2-011,NA,PLS3
OBG-0205-PLAC_OBG0205-AFP-RNA1,NA,PLS3
OBG0178_OBG0178-2-021,NA,PLS3
OBG-0205-PLAC_OBG0205-AFP-RNA2,NA,PLS3
OBG-0030-PLAC_OBG0030-BFP-RNA2,NA,PLS3
OBG-0024-PLAC_OBG0024-WFP-RNA1,Escape,PLS3
OBG-0030-PLAC_OBG0030-BFP-RNA1,NA,PLS3
OBG-0180-PLAC_OBG0180-AFP-RNA2,NA,PLS3
OBG-0289-PLAC_OBG0289-BFP-RNA2,NA,PLS3
OBG-0050-PLAC_OBG0050-HFP-RNA2,Escape,PLS3
OBG0068_OBG0068-1-020,NA,PLS3
OBG0044_OBG0044-2-011,Inactivated,PLS3
OBG-0026-PLAC_OBG0026-WFP-RNA2,NA,PLS3
OBG-0022-PLAC_OBG0022-WFP-RNA1,NA,PLS3
OBG-0028-PLAC_OBG0028-WFP-RNA2,NA,PLS3
OBG0170_OBG0170-2-021,Inactivated,PLS3
OBG0120_OBG0120-1-010,NA,PLS3
OBG-0138-PLAC_OBG0138-AFP-RNA2,NA,PLS3
OBG-0024-PLAC_OBG0024-WFP-RNA2,Escape,PLS3
OBG0174_OBG0174-1-020,NA,PLS3
OBG-0201-PLAC_OBG0201-BFP-RNA2,Inactivated,PLS3
OBG0174_OBG0174-2-011,Escape,PLS3
OBG-0138-PLAC_OBG0138-AFP-RNA1,NA,PLS3
OBG-0022-PLAC_OBG0022-WFP-RNA2,NA,PLS3
OBG0120_OBG0120-2-011,NA,PLS3
OBG-0342-PLAC_OBG0342-WFP-RNA2,Escape,PLS3
OBG0170_OBG0170-1-020,NA,PLS3
OBG-0289-PLAC_OBG0289-BFP-RNA1,NA,PLS3
OBG-0028-PLAC_OBG0028-WFP-RNA1,NA,PLS3
OBG-0338-PLAC_OBG0338-WFP-RNA1,Escape,TSPAN6
OBG0166_OBG0166-1-010,NA,TSPAN6
OBG0068_OBG0068-2-021,Inactivated,TSPAN6
OBG-0050-PLAC_OBG0050-HFP-RNA1,Escape,TSPAN6
OBG-0026-PLAC_OBG0026-WFP-RNA1,NA,TSPAN6
OBG0115_OBG0115-1-010,Inactivated,TSPAN6
OBG-0201-PLAC_OBG0201-BFP-RNA1,NA,TSPAN6
OBG0044_OBG0044-1-010,Inactivated,TSPAN6
OBG0133_OBG0133-1-020,NA,TSPAN6
OBG-0188-PLAC_OBG0188-BFP-RNA2,Escape,TSPAN6
OBG-0342-PLAC_OBG0342-WFP-RNA1,NA,TSPAN6
OBG-0188-PLAC_OBG0188-BFP-RNA1,NA,TSPAN6
OBG-0338-PLAC_OBG0338-WFP-RNA2,NA,TSPAN6
OBG-0180-PLAC_OBG0180-AFP-RNA1,NA,TSPAN6
OBG0133_OBG0133-2-021,NA,TSPAN6
OBG0178_OBG0178-1-020,NA,TSPAN6
OBG0166_OBG0166-2-011,NA,TSPAN6
OBG0115_OBG0115-2-011,NA,TSPAN6
OBG-0205-PLAC_OBG0205-AFP-RNA1,NA,TSPAN6
OBG0178_OBG0178-2-021,NA,TSPAN6
OBG-0205-PLAC_OBG0205-AFP-RNA2,NA,TSPAN6
OBG-0030-PLAC_OBG0030-BFP-RNA2,NA,TSPAN6
OBG-0024-PLAC_OBG0024-WFP-RNA1,Escape,TSPAN6
OBG-0030-PLAC_OBG0030-BFP-RNA1,NA,TSPAN6
OBG-0180-PLAC_OBG0180-AFP-RNA2,NA,TSPAN6
OBG-0289-PLAC_OBG0289-BFP-RNA2,Escape,TSPAN6
OBG-0050-PLAC_OBG0050-HFP-RNA2,Escape,TSPAN6
OBG0068_OBG0068-1-020,Inactivated,TSPAN6
OBG0044_OBG0044-2-011,Escape,TSPAN6
OBG-0026-PLAC_OBG0026-WFP-RNA2,NA,TSPAN6
OBG-0022-PLAC_OBG0022-WFP-RNA1,Inactivated,TSPAN6
OBG-0028-PLAC_OBG0028-WFP-RNA2,NA,TSPAN6
OBG0170_OBG0170-2-021,NA,TSPAN6
OBG0120_OBG0120-1-010,NA,TSPAN6
OBG-0138-PLAC_OBG0138-AFP-RNA2,NA,TSPAN6
OBG-0024-PLAC_OBG0024-WFP-RNA2,Inactivated,TSPAN6
OBG0174_OBG0174-1-020,Inactivated,TSPAN6
OBG-0201-PLAC_OBG0201-BFP-RNA2,NA,TSPAN6
OBG0174_OBG0174-2-011,Inactivated,TSPAN6
OBG-0138-PLAC_OBG0138-AFP-RNA1,NA,TSPAN6
OBG-0022-PLAC_OBG0022-WFP-RNA2,Escape,TSPAN6
OBG0120_OBG0120-2-011,NA,TSPAN6
OBG-0342-PLAC_OBG0342-WFP-RNA2,NA,TSPAN6
OBG0170_OBG0170-1-020,NA,TSPAN6
OBG-0289-PLAC_OBG0289-BFP-RNA1,Escape,TSPAN6
OBG-0028-PLAC_OBG0028-WFP-RNA1,NA,TSPAN6
OBG-0338-PLAC_OBG0338-WFP-RNA1,Inactivated,HCFC1
OBG0166_OBG0166-1-010,NA,HCFC1
OBG0068_OBG0068-2-021,Inactivated,HCFC1
OBG-0050-PLAC_OBG0050-HFP-RNA1,Escape,HCFC1
OBG-0026-PLAC_OBG0026-WFP-RNA1,Inactivated,HCFC1
OBG0115_OBG0115-1-010,Escape,HCFC1
OBG-0201-PLAC_OBG0201-BFP-RNA1,NA,HCFC1
OBG0044_OBG0044-1-010,NA,HCFC1
OBG0133_OBG0133-1-020,NA,HCFC1
OBG-0188-PLAC_OBG0188-BFP-RNA2,Escape,HCFC1
OBG-0342-PLAC_OBG0342-WFP-RNA1,Escape,HCFC1
OBG-0188-PLAC_OBG0188-BFP-RNA1,Escape,HCFC1
OBG-0338-PLAC_OBG0338-WFP-RNA2,Inactivated,HCFC1
OBG-0180-PLAC_OBG0180-AFP-RNA1,Escape,HCFC1
OBG0133_OBG0133-2-021,NA,HCFC1
OBG0178_OBG0178-1-020,Inactivated,HCFC1
OBG0166_OBG0166-2-011,NA,HCFC1
OBG0115_OBG0115-2-011,Escape,HCFC1
OBG-0205-PLAC_OBG0205-AFP-RNA1,Inactivated,HCFC1
OBG0178_OBG0178-2-021,Escape,HCFC1
OBG-0205-PLAC_OBG0205-AFP-RNA2,Escape,HCFC1
OBG-0030-PLAC_OBG0030-BFP-RNA2,Inactivated,HCFC1
OBG-0024-PLAC_OBG0024-WFP-RNA1,Escape,HCFC1
OBG-0030-PLAC_OBG0030-BFP-RNA1,Escape,HCFC1
OBG-0180-PLAC_OBG0180-AFP-RNA2,NA,HCFC1
OBG-0289-PLAC_OBG0289-BFP-RNA2,Inactivated,HCFC1
OBG-0050-PLAC_OBG0050-HFP-RNA2,Escape,HCFC1
OBG0068_OBG0068-1-020,Inactivated,HCFC1
OBG0044_OBG0044-2-011,NA,HCFC1
OBG-0026-PLAC_OBG0026-WFP-RNA2,Escape,HCFC1
OBG-0022-PLAC_OBG0022-WFP-RNA1,Escape,HCFC1
OBG-0028-PLAC_OBG0028-WFP-RNA2,Escape,HCFC1
OBG0170_OBG0170-2-021,NA,HCFC1
OBG0120_OBG0120-1-010,NA,HCFC1
OBG-0138-PLAC_OBG0138-AFP-RNA2,NA,HCFC1
OBG-0024-PLAC_OBG0024-WFP-RNA2,Escape,HCFC1
OBG0174_OBG0174-1-020,Escape,HCFC1
OBG-0201-PLAC_OBG0201-BFP-RNA2,NA,HCFC1
OBG0174_OBG0174-2-011,Inactivated,HCFC1
OBG-0138-PLAC_OBG0138-AFP-RNA1,NA,HCFC1
OBG-0022-PLAC_OBG0022-WFP-RNA2,Escape,HCFC1
OBG0120_OBG0120-2-011,NA,HCFC1
OBG-0342-PLAC_OBG0342-WFP-RNA2,Inactivated,HCFC1
OBG0170_OBG0170-1-020,NA,HCFC1
OBG-0289-PLAC_OBG0289-BFP-RNA1,Escape,HCFC1
OBG-0028-PLAC_OBG0028-WFP-RNA1,Escape,HCFC1
OBG-0338-PLAC_OBG0338-WFP-RNA1,NA,VSIG4
OBG0166_OBG0166-1-010,NA,VSIG4
OBG0068_OBG0068-2-021,NA,VSIG4
OBG-0050-PLAC_OBG0050-HFP-RNA1,NA,VSIG4
OBG-0026-PLAC_OBG0026-WFP-RNA1,Escape,VSIG4
OBG0115_OBG0115-1-010,Escape,VSIG4
OBG-0201-PLAC_OBG0201-BFP-RNA1,NA,VSIG4
OBG0044_OBG0044-1-010,Inactivated,VSIG4
OBG0133_OBG0133-1-020,NA,VSIG4
OBG-0188-PLAC_OBG0188-BFP-RNA2,NA,VSIG4
OBG-0342-PLAC_OBG0342-WFP-RNA1,NA,VSIG4
OBG-0188-PLAC_OBG0188-BFP-RNA1,NA,VSIG4
OBG-0338-PLAC_OBG0338-WFP-RNA2,NA,VSIG4
OBG-0180-PLAC_OBG0180-AFP-RNA1,NA,VSIG4
OBG0133_OBG0133-2-021,NA,VSIG4
OBG0178_OBG0178-1-020,NA,VSIG4
OBG0166_OBG0166-2-011,NA,VSIG4
OBG0115_OBG0115-2-011,Escape,VSIG4
OBG-0205-PLAC_OBG0205-AFP-RNA1,NA,VSIG4
OBG0178_OBG0178-2-021,NA,VSIG4
OBG-0205-PLAC_OBG0205-AFP-RNA2,NA,VSIG4
OBG-0030-PLAC_OBG0030-BFP-RNA2,Escape,VSIG4
OBG-0024-PLAC_OBG0024-WFP-RNA1,NA,VSIG4
OBG-0030-PLAC_OBG0030-BFP-RNA1,NA,VSIG4
OBG-0180-PLAC_OBG0180-AFP-RNA2,NA,VSIG4
OBG-0289-PLAC_OBG0289-BFP-RNA2,NA,VSIG4
OBG-0050-PLAC_OBG0050-HFP-RNA2,NA,VSIG4
OBG0068_OBG0068-1-020,NA,VSIG4
OBG0044_OBG0044-2-011,Inactivated,VSIG4
OBG-0026-PLAC_OBG0026-WFP-RNA2,Escape,VSIG4
OBG-0022-PLAC_OBG0022-WFP-RNA1,NA,VSIG4
OBG-0028-PLAC_OBG0028-WFP-RNA2,NA,VSIG4
OBG0170_OBG0170-2-021,NA,VSIG4
OBG0120_OBG0120-1-010,NA,VSIG4
OBG-0138-PLAC_OBG0138-AFP-RNA2,Escape,VSIG4
OBG-0024-PLAC_OBG0024-WFP-RNA2,Escape,VSIG4
OBG0174_OBG0174-1-020,NA,VSIG4
OBG-0201-PLAC_OBG0201-BFP-RNA2,NA,VSIG4
OBG0174_OBG0174-2-011,NA,VSIG4
OBG-0138-PLAC_OBG0138-AFP-RNA1,Escape,VSIG4
OBG-0022-PLAC_OBG0022-WFP-RNA2,NA,VSIG4
OBG0120_OBG0120-2-011,NA,VSIG4
OBG-0342-PLAC_OBG0342-WFP-RNA2,Escape,VSIG4
OBG0170_OBG0170-1-020,NA,VSIG4
OBG-0289-PLAC_OBG0289-BFP-RNA1,NA,VSIG4
OBG-0028-PLAC_OBG0028-WFP-RNA1,NA,VSIG4
OBG-0338-PLAC_OBG0338-WFP-RNA1,Escape,CXorf56
OBG0166_OBG0166-1-010,NA,CXorf56
OBG0068_OBG0068-2-021,NA,CXorf56
OBG-0050-PLAC_OBG0050-HFP-RNA1,NA,CXorf56
OBG-0026-PLAC_OBG0026-WFP-RNA1,Inactivated,CXorf56
OBG0115_OBG0115-1-010,Inactivated,CXorf56
OBG-0201-PLAC_OBG0201-BFP-RNA1,NA,CXorf56
OBG0044_OBG0044-1-010,Escape,CXorf56
OBG0133_OBG0133-1-020,NA,CXorf56
OBG-0188-PLAC_OBG0188-BFP-RNA2,Inactivated,CXorf56
OBG-0342-PLAC_OBG0342-WFP-RNA1,Inactivated,CXorf56
OBG-0188-PLAC_OBG0188-BFP-RNA1,Escape,CXorf56
OBG-0338-PLAC_OBG0338-WFP-RNA2,Inactivated,CXorf56
OBG-0180-PLAC_OBG0180-AFP-RNA1,NA,CXorf56
OBG0133_OBG0133-2-021,NA,CXorf56
OBG0178_OBG0178-1-020,NA,CXorf56
OBG0166_OBG0166-2-011,NA,CXorf56
OBG0115_OBG0115-2-011,Inactivated,CXorf56
OBG-0205-PLAC_OBG0205-AFP-RNA1,NA,CXorf56
OBG0178_OBG0178-2-021,NA,CXorf56
OBG-0205-PLAC_OBG0205-AFP-RNA2,NA,CXorf56
OBG-0030-PLAC_OBG0030-BFP-RNA2,NA,CXorf56
OBG-0024-PLAC_OBG0024-WFP-RNA1,Inactivated,CXorf56
OBG-0030-PLAC_OBG0030-BFP-RNA1,NA,CXorf56
OBG-0180-PLAC_OBG0180-AFP-RNA2,NA,CXorf56
OBG-0289-PLAC_OBG0289-BFP-RNA2,Inactivated,CXorf56
OBG-0050-PLAC_OBG0050-HFP-RNA2,NA,CXorf56
OBG0068_OBG0068-1-020,NA,CXorf56
OBG0044_OBG0044-2-011,Escape,CXorf56
OBG-0026-PLAC_OBG0026-WFP-RNA2,Escape,CXorf56
OBG-0022-PLAC_OBG0022-WFP-RNA1,Escape,CXorf56
OBG-0028-PLAC_OBG0028-WFP-RNA2,NA,CXorf56
OBG0170_OBG0170-2-021,NA,CXorf56
OBG0120_OBG0120-1-010,NA,CXorf56
OBG-0138-PLAC_OBG0138-AFP-RNA2,Inactivated,CXorf56
OBG-0024-PLAC_OBG0024-WFP-RNA2,Inactivated,CXorf56
OBG0174_OBG0174-1-020,NA,CXorf56
OBG-0201-PLAC_OBG0201-BFP-RNA2,NA,CXorf56
OBG0174_OBG0174-2-011,Inactivated,CXorf56
OBG-0138-PLAC_OBG0138-AFP-RNA1,Escape,CXorf56
OBG-0022-PLAC_OBG0022-WFP-RNA2,Inactivated,CXorf56
OBG0120_OBG0120-2-011,NA,CXorf56
OBG-0342-PLAC_OBG0342-WFP-RNA2,Inactivated,CXorf56
OBG0170_OBG0170-1-020,NA,CXorf56
OBG-0289-PLAC_OBG0289-BFP-RNA1,Inactivated,CXorf56
OBG-0028-PLAC_OBG0028-WFP-RNA1,NA,CXorf56
OBG-0338-PLAC_OBG0338-WFP-RNA1,NA,MXRA5
OBG0166_OBG0166-1-010,Escape,MXRA5
OBG0068_OBG0068-2-021,Escape,MXRA5
OBG-0050-PLAC_OBG0050-HFP-RNA1,Inactivated,MXRA5
OBG-0026-PLAC_OBG0026-WFP-RNA1,Escape,MXRA5
OBG0115_OBG0115-1-010,NA,MXRA5
OBG-0201-PLAC_OBG0201-BFP-RNA1,NA,MXRA5
OBG0044_OBG0044-1-010,NA,MXRA5
OBG0133_OBG0133-1-020,NA,MXRA5
OBG-0188-PLAC_OBG0188-BFP-RNA2,NA,MXRA5
OBG-0342-PLAC_OBG0342-WFP-RNA1,Inactivated,MXRA5
OBG-0188-PLAC_OBG0188-BFP-RNA1,NA,MXRA5
OBG-0338-PLAC_OBG0338-WFP-RNA2,NA,MXRA5
OBG-0180-PLAC_OBG0180-AFP-RNA1,NA,MXRA5
OBG0133_OBG0133-2-021,Inactivated,MXRA5
OBG0178_OBG0178-1-020,NA,MXRA5
OBG0166_OBG0166-2-011,Escape,MXRA5
OBG0115_OBG0115-2-011,NA,MXRA5
OBG-0205-PLAC_OBG0205-AFP-RNA1,NA,MXRA5
OBG0178_OBG0178-2-021,NA,MXRA5
OBG-0205-PLAC_OBG0205-AFP-RNA2,NA,MXRA5
OBG-0030-PLAC_OBG0030-BFP-RNA2,Escape,MXRA5
OBG-0024-PLAC_OBG0024-WFP-RNA1,NA,MXRA5
OBG-0030-PLAC_OBG0030-BFP-RNA1,Escape,MXRA5
OBG-0180-PLAC_OBG0180-AFP-RNA2,NA,MXRA5
OBG-0289-PLAC_OBG0289-BFP-RNA2,Inactivated,MXRA5
OBG-0050-PLAC_OBG0050-HFP-RNA2,Escape,MXRA5
OBG0068_OBG0068-1-020,Inactivated,MXRA5
OBG0044_OBG0044-2-011,NA,MXRA5
OBG-0026-PLAC_OBG0026-WFP-RNA2,Escape,MXRA5
OBG-0022-PLAC_OBG0022-WFP-RNA1,Escape,MXRA5
OBG-0028-PLAC_OBG0028-WFP-RNA2,Escape,MXRA5
OBG0170_OBG0170-2-021,Escape,MXRA5
OBG0120_OBG0120-1-010,Inactivated,MXRA5
OBG-0138-PLAC_OBG0138-AFP-RNA2,NA,MXRA5
OBG-0024-PLAC_OBG0024-WFP-RNA2,Escape,MXRA5
OBG0174_OBG0174-1-020,NA,MXRA5
OBG-0201-PLAC_OBG0201-BFP-RNA2,NA,MXRA5
OBG0174_OBG0174-2-011,NA,MXRA5
OBG-0138-PLAC_OBG0138-AFP-RNA1,NA,MXRA5
OBG-0022-PLAC_OBG0022-WFP-RNA2,Escape,MXRA5
OBG0120_OBG0120-2-011,NA,MXRA5
OBG-0342-PLAC_OBG0342-WFP-RNA2,NA,MXRA5
OBG0170_OBG0170-1-020,NA,MXRA5
OBG-0289-PLAC_OBG0289-BFP-RNA1,Inactivated,MXRA5
OBG-0028-PLAC_OBG0028-WFP-RNA1,NA,MXRA5
OBG-0338-PLAC_OBG0338-WFP-RNA1,NA,AL133500.1
OBG0166_OBG0166-1-010,NA,AL133500.1
OBG0068_OBG0068-2-021,NA,AL133500.1
OBG-0050-PLAC_OBG0050-HFP-RNA1,NA,AL133500.1
OBG-0026-PLAC_OBG0026-WFP-RNA1,NA,AL133500.1
OBG0115_OBG0115-1-010,NA,AL133500.1
OBG-0201-PLAC_OBG0201-BFP-RNA1,NA,AL133500.1
OBG0044_OBG0044-1-010,NA,AL133500.1
OBG0133_OBG0133-1-020,NA,AL133500.1
OBG-0188-PLAC_OBG0188-BFP-RNA2,NA,AL133500.1
OBG-0342-PLAC_OBG0342-WFP-RNA1,NA,AL133500.1
OBG-0188-PLAC_OBG0188-BFP-RNA1,NA,AL133500.1
OBG-0338-PLAC_OBG0338-WFP-RNA2,NA,AL133500.1
OBG-0180-PLAC_OBG0180-AFP-RNA1,Escape,AL133500.1
OBG0133_OBG0133-2-021,NA,AL133500.1
OBG0178_OBG0178-1-020,NA,AL133500.1
OBG0166_OBG0166-2-011,NA,AL133500.1
OBG0115_OBG0115-2-011,NA,AL133500.1
OBG-0205-PLAC_OBG0205-AFP-RNA1,NA,AL133500.1
OBG0178_OBG0178-2-021,NA,AL133500.1
OBG-0205-PLAC_OBG0205-AFP-RNA2,NA,AL133500.1
OBG-0030-PLAC_OBG0030-BFP-RNA2,Inactivated,AL133500.1
OBG-0024-PLAC_OBG0024-WFP-RNA1,NA,AL133500.1
OBG-0030-PLAC_OBG0030-BFP-RNA1,Escape,AL133500.1
OBG-0180-PLAC_OBG0180-AFP-RNA2,NA,AL133500.1
OBG-0289-PLAC_OBG0289-BFP-RNA2,NA,AL133500.1
OBG-0050-PLAC_OBG0050-HFP-RNA2,NA,AL133500.1
OBG0068_OBG0068-1-020,NA,AL133500.1
OBG0044_OBG0044-2-011,Escape,AL133500.1
OBG-0026-PLAC_OBG0026-WFP-RNA2,Escape,AL133500.1
OBG-0022-PLAC_OBG0022-WFP-RNA1,NA,AL133500.1
OBG-0028-PLAC_OBG0028-WFP-RNA2,Inactivated,AL133500.1
OBG0170_OBG0170-2-021,NA,AL133500.1
OBG0120_OBG0120-1-010,NA,AL133500.1
OBG-0138-PLAC_OBG0138-AFP-RNA2,NA,AL133500.1
OBG-0024-PLAC_OBG0024-WFP-RNA2,NA,AL133500.1
OBG0174_OBG0174-1-020,NA,AL133500.1
OBG-0201-PLAC_OBG0201-BFP-RNA2,NA,AL133500.1
OBG0174_OBG0174-2-011,NA,AL133500.1
OBG-0138-PLAC_OBG0138-AFP-RNA1,NA,AL133500.1
OBG-0022-PLAC_OBG0022-WFP-RNA2,NA,AL133500.1
OBG0120_OBG0120-2-011,NA,AL133500.1
OBG-0342-PLAC_OBG0342-WFP-RNA2,NA,AL133500.1
OBG0170_OBG0170-1-020,NA,AL133500.1
OBG-0289-PLAC_OBG0289-BFP-RNA1,NA,AL133500.1
OBG-0028-PLAC_OBG0028-WFP-RNA1,NA,AL133500.1
OBG-0338-PLAC_OBG0338-WFP-RNA1,Inactivated,EGFL6
OBG0166_OBG0166-1-010,Inactivated,EGFL6
OBG0068_OBG0068-2-021,Escape,EGFL6
OBG-0050-PLAC_OBG0050-HFP-RNA1,Inactivated,EGFL6
OBG-0026-PLAC_OBG0026-WFP-RNA1,NA,EGFL6
OBG0115_OBG0115-1-010,NA,EGFL6
OBG-0201-PLAC_OBG0201-BFP-RNA1,Escape,EGFL6
OBG0044_OBG0044-1-010,Escape,EGFL6
OBG0133_OBG0133-1-020,NA,EGFL6
OBG-0188-PLAC_OBG0188-BFP-RNA2,NA,EGFL6
OBG-0342-PLAC_OBG0342-WFP-RNA1,NA,EGFL6
OBG-0188-PLAC_OBG0188-BFP-RNA1,NA,EGFL6
OBG-0338-PLAC_OBG0338-WFP-RNA2,Inactivated,EGFL6
OBG-0180-PLAC_OBG0180-AFP-RNA1,NA,EGFL6
OBG0133_OBG0133-2-021,NA,EGFL6
OBG0178_OBG0178-1-020,NA,EGFL6
OBG0166_OBG0166-2-011,Inactivated,EGFL6
OBG0115_OBG0115-2-011,NA,EGFL6
OBG-0205-PLAC_OBG0205-AFP-RNA1,NA,EGFL6
OBG0178_OBG0178-2-021,NA,EGFL6
OBG-0205-PLAC_OBG0205-AFP-RNA2,NA,EGFL6
OBG-0030-PLAC_OBG0030-BFP-RNA2,Escape,EGFL6
OBG-0024-PLAC_OBG0024-WFP-RNA1,Inactivated,EGFL6
OBG-0030-PLAC_OBG0030-BFP-RNA1,Inactivated,EGFL6
OBG-0180-PLAC_OBG0180-AFP-RNA2,NA,EGFL6
OBG-0289-PLAC_OBG0289-BFP-RNA2,NA,EGFL6
OBG-0050-PLAC_OBG0050-HFP-RNA2,Escape,EGFL6
OBG0068_OBG0068-1-020,Inactivated,EGFL6
OBG0044_OBG0044-2-011,Inactivated,EGFL6
OBG-0026-PLAC_OBG0026-WFP-RNA2,NA,EGFL6
OBG-0022-PLAC_OBG0022-WFP-RNA1,NA,EGFL6
OBG-0028-PLAC_OBG0028-WFP-RNA2,Escape,EGFL6
OBG0170_OBG0170-2-021,Inactivated,EGFL6
OBG0120_OBG0120-1-010,Inactivated,EGFL6
OBG-0138-PLAC_OBG0138-AFP-RNA2,NA,EGFL6
OBG-0024-PLAC_OBG0024-WFP-RNA2,Inactivated,EGFL6
OBG0174_OBG0174-1-020,NA,EGFL6
OBG-0201-PLAC_OBG0201-BFP-RNA2,Inactivated,EGFL6
OBG0174_OBG0174-2-011,NA,EGFL6
OBG-0138-PLAC_OBG0138-AFP-RNA1,NA,EGFL6
OBG-0022-PLAC_OBG0022-WFP-RNA2,NA,EGFL6
OBG0120_OBG0120-2-011,NA,EGFL6
OBG-0342-PLAC_OBG0342-WFP-RNA2,NA,EGFL6
OBG0170_OBG0170-1-020,Escape,EGFL6
OBG-0289-PLAC_OBG0289-BFP-RNA1,NA,EGFL6
OBG-0028-PLAC_OBG0028-WFP-RNA1,NA,EGFL6
OBG-0338-PLAC_OBG0338-WFP-RNA1,NA,CHRDL1
OBG0166_OBG0166-1-010,NA,CHRDL1
OBG0068_OBG0068-2-021,NA,CHRDL1
OBG-0050-PLAC_OBG0050-HFP-RNA1,Inactivated,CHRDL1
OBG-0026-PLAC_OBG0026-WFP-RNA1,NA,CHRDL1
OBG0115_OBG0115-1-010,NA,CHRDL1
OBG-0201-PLAC_OBG0201-BFP-RNA1,NA,CHRDL1
OBG0044_OBG0044-1-010,Escape,CHRDL1
OBG0133_OBG0133-1-020,NA,CHRDL1
OBG-0188-PLAC_OBG0188-BFP-RNA2,NA,CHRDL1
OBG-0342-PLAC_OBG0342-WFP-RNA1,NA,CHRDL1
OBG-0188-PLAC_OBG0188-BFP-RNA1,NA,CHRDL1
OBG-0338-PLAC_OBG0338-WFP-RNA2,NA,CHRDL1
OBG-0180-PLAC_OBG0180-AFP-RNA1,NA,CHRDL1
OBG0133_OBG0133-2-021,NA,CHRDL1
OBG0178_OBG0178-1-020,NA,CHRDL1
OBG0166_OBG0166-2-011,NA,CHRDL1
OBG0115_OBG0115-2-011,NA,CHRDL1
OBG-0205-PLAC_OBG0205-AFP-RNA1,NA,CHRDL1
OBG0178_OBG0178-2-021,NA,CHRDL1
OBG-0205-PLAC_OBG0205-AFP-RNA2,NA,CHRDL1
OBG-0030-PLAC_OBG0030-BFP-RNA2,NA,CHRDL1
OBG-0024-PLAC_OBG0024-WFP-RNA1,NA,CHRDL1
OBG-0030-PLAC_OBG0030-BFP-RNA1,NA,CHRDL1
OBG-0180-PLAC_OBG0180-AFP-RNA2,NA,CHRDL1
OBG-0289-PLAC_OBG0289-BFP-RNA2,NA,CHRDL1
OBG-0050-PLAC_OBG0050-HFP-RNA2,NA,CHRDL1
OBG0068_OBG0068-1-020,NA,CHRDL1
OBG0044_OBG0044-2-011,Escape,CHRDL1
OBG-0026-PLAC_OBG0026-WFP-RNA2,NA,CHRDL1
OBG-0022-PLAC_OBG0022-WFP-RNA1,Inactivated,CHRDL1
OBG-0028-PLAC_OBG0028-WFP-RNA2,NA,CHRDL1
OBG0170_OBG0170-2-021,NA,CHRDL1
OBG0120_OBG0120-1-010,NA,CHRDL1
OBG-0138-PLAC_OBG0138-AFP-RNA2,NA,CHRDL1
OBG-0024-PLAC_OBG0024-WFP-RNA2,NA,CHRDL1
OBG0174_OBG0174-1-020,NA,CHRDL1
OBG-0201-PLAC_OBG0201-BFP-RNA2,NA,CHRDL1
OBG0174_OBG0174-2-011,NA,CHRDL1
OBG-0138-PLAC_OBG0138-AFP-RNA1,NA,CHRDL1
OBG-0022-PLAC_OBG0022-WFP-RNA2,Inactivated,CHRDL1
OBG0120_OBG0120-2-011,NA,CHRDL1
OBG-0342-PLAC_OBG0342-WFP-RNA2,NA,CHRDL1
OBG0170_OBG0170-1-020,NA,CHRDL1
OBG-0289-PLAC_OBG0289-BFP-RNA1,NA,CHRDL1
OBG-0028-PLAC_OBG0028-WFP-RNA1,NA,CHRDL1
OBG-0338-PLAC_OBG0338-WFP-RNA1,Inactivated,PIN4
OBG0166_OBG0166-1-010,Escape,PIN4
OBG0068_OBG0068-2-021,NA,PIN4
OBG-0050-PLAC_OBG0050-HFP-RNA1,NA,PIN4
OBG-0026-PLAC_OBG0026-WFP-RNA1,Escape,PIN4
OBG0115_OBG0115-1-010,Escape,PIN4
OBG-0201-PLAC_OBG0201-BFP-RNA1,NA,PIN4
OBG0044_OBG0044-1-010,Inactivated,PIN4
OBG0133_OBG0133-1-020,NA,PIN4
OBG-0188-PLAC_OBG0188-BFP-RNA2,Escape,PIN4
OBG-0342-PLAC_OBG0342-WFP-RNA1,Inactivated,PIN4
OBG-0188-PLAC_OBG0188-BFP-RNA1,Escape,PIN4
OBG-0338-PLAC_OBG0338-WFP-RNA2,Inactivated,PIN4
OBG-0180-PLAC_OBG0180-AFP-RNA1,Inactivated,PIN4
OBG0133_OBG0133-2-021,NA,PIN4
OBG0178_OBG0178-1-020,Inactivated,PIN4
OBG0166_OBG0166-2-011,Escape,PIN4
OBG0115_OBG0115-2-011,Escape,PIN4
OBG-0205-PLAC_OBG0205-AFP-RNA1,Escape,PIN4
OBG0178_OBG0178-2-021,Escape,PIN4
OBG-0205-PLAC_OBG0205-AFP-RNA2,Escape,PIN4
OBG-0030-PLAC_OBG0030-BFP-RNA2,NA,PIN4
OBG-0024-PLAC_OBG0024-WFP-RNA1,NA,PIN4
OBG-0030-PLAC_OBG0030-BFP-RNA1,NA,PIN4
OBG-0180-PLAC_OBG0180-AFP-RNA2,Inactivated,PIN4
OBG-0289-PLAC_OBG0289-BFP-RNA2,Inactivated,PIN4
OBG-0050-PLAC_OBG0050-HFP-RNA2,NA,PIN4
OBG0068_OBG0068-1-020,NA,PIN4
OBG0044_OBG0044-2-011,Inactivated,PIN4
OBG-0026-PLAC_OBG0026-WFP-RNA2,Escape,PIN4
OBG-0022-PLAC_OBG0022-WFP-RNA1,Escape,PIN4
OBG-0028-PLAC_OBG0028-WFP-RNA2,Escape,PIN4
OBG0170_OBG0170-2-021,Inactivated,PIN4
OBG0120_OBG0120-1-010,NA,PIN4
OBG-0138-PLAC_OBG0138-AFP-RNA2,Inactivated,PIN4
OBG-0024-PLAC_OBG0024-WFP-RNA2,NA,PIN4
OBG0174_OBG0174-1-020,NA,PIN4
OBG-0201-PLAC_OBG0201-BFP-RNA2,NA,PIN4
OBG0174_OBG0174-2-011,Escape,PIN4
OBG-0138-PLAC_OBG0138-AFP-RNA1,Inactivated,PIN4
OBG-0022-PLAC_OBG0022-WFP-RNA2,Escape,PIN4
OBG0120_OBG0120-2-011,NA,PIN4
OBG-0342-PLAC_OBG0342-WFP-RNA2,Escape,PIN4
OBG0170_OBG0170-1-020,Inactivated,PIN4
OBG-0289-PLAC_OBG0289-BFP-RNA1,Inactivated,PIN4
OBG-0028-PLAC_OBG0028-WFP-RNA1,Escape,PIN4
OBG-0338-PLAC_OBG0338-WFP-RNA1,NA,SHROOM4
OBG0166_OBG0166-1-010,Inactivated,SHROOM4
OBG0068_OBG0068-2-021,NA,SHROOM4
OBG-0050-PLAC_OBG0050-HFP-RNA1,NA,SHROOM4
OBG-0026-PLAC_OBG0026-WFP-RNA1,NA,SHROOM4
OBG0115_OBG0115-1-010,NA,SHROOM4
OBG-0201-PLAC_OBG0201-BFP-RNA1,NA,SHROOM4
OBG0044_OBG0044-1-010,NA,SHROOM4
OBG0133_OBG0133-1-020,NA,SHROOM4
OBG-0188-PLAC_OBG0188-BFP-RNA2,NA,SHROOM4
OBG-0342-PLAC_OBG0342-WFP-RNA1,NA,SHROOM4
OBG-0188-PLAC_OBG0188-BFP-RNA1,NA,SHROOM4
OBG-0338-PLAC_OBG0338-WFP-RNA2,NA,SHROOM4
OBG-0180-PLAC_OBG0180-AFP-RNA1,NA,SHROOM4
OBG0133_OBG0133-2-021,NA,SHROOM4
OBG0178_OBG0178-1-020,Inactivated,SHROOM4
OBG0166_OBG0166-2-011,Inactivated,SHROOM4
OBG0115_OBG0115-2-011,NA,SHROOM4
OBG-0205-PLAC_OBG0205-AFP-RNA1,Escape,SHROOM4
OBG0178_OBG0178-2-021,Escape,SHROOM4
OBG-0205-PLAC_OBG0205-AFP-RNA2,NA,SHROOM4
OBG-0030-PLAC_OBG0030-BFP-RNA2,Inactivated,SHROOM4
OBG-0024-PLAC_OBG0024-WFP-RNA1,NA,SHROOM4
OBG-0030-PLAC_OBG0030-BFP-RNA1,Inactivated,SHROOM4
OBG-0180-PLAC_OBG0180-AFP-RNA2,NA,SHROOM4
OBG-0289-PLAC_OBG0289-BFP-RNA2,NA,SHROOM4
OBG-0050-PLAC_OBG0050-HFP-RNA2,NA,SHROOM4
OBG0068_OBG0068-1-020,NA,SHROOM4
OBG0044_OBG0044-2-011,NA,SHROOM4
OBG-0026-PLAC_OBG0026-WFP-RNA2,NA,SHROOM4
OBG-0022-PLAC_OBG0022-WFP-RNA1,NA,SHROOM4
OBG-0028-PLAC_OBG0028-WFP-RNA2,NA,SHROOM4
OBG0170_OBG0170-2-021,NA,SHROOM4
OBG0120_OBG0120-1-010,NA,SHROOM4
OBG-0138-PLAC_OBG0138-AFP-RNA2,NA,SHROOM4
OBG-0024-PLAC_OBG0024-WFP-RNA2,NA,SHROOM4
OBG0174_OBG0174-1-020,NA,SHROOM4
OBG-0201-PLAC_OBG0201-BFP-RNA2,NA,SHROOM4
OBG0174_OBG0174-2-011,NA,SHROOM4
OBG-0138-PLAC_OBG0138-AFP-RNA1,NA,SHROOM4
OBG-0022-PLAC_OBG0022-WFP-RNA2,NA,SHROOM4
OBG0120_OBG0120-2-011,NA,SHROOM4
OBG-0342-PLAC_OBG0342-WFP-RNA2,NA,SHROOM4
OBG0170_OBG0170-1-020,Escape,SHROOM4
OBG-0289-PLAC_OBG0289-BFP-RNA1,Escape,SHROOM4
OBG-0028-PLAC_OBG0028-WFP-RNA1,NA,SHROOM4
OBG-0338-PLAC_OBG0338-WFP-RNA1,NA,IL13RA1
OBG0166_OBG0166-1-010,NA,IL13RA1
OBG0068_OBG0068-2-021,NA,IL13RA1
OBG-0050-PLAC_OBG0050-HFP-RNA1,Escape,IL13RA1
OBG-0026-PLAC_OBG0026-WFP-RNA1,Inactivated,IL13RA1
OBG0115_OBG0115-1-010,NA,IL13RA1
OBG-0201-PLAC_OBG0201-BFP-RNA1,Inactivated,IL13RA1
OBG0044_OBG0044-1-010,NA,IL13RA1
OBG0133_OBG0133-1-020,NA,IL13RA1
OBG-0188-PLAC_OBG0188-BFP-RNA2,NA,IL13RA1
OBG-0342-PLAC_OBG0342-WFP-RNA1,Inactivated,IL13RA1
OBG-0188-PLAC_OBG0188-BFP-RNA1,NA,IL13RA1
OBG-0338-PLAC_OBG0338-WFP-RNA2,NA,IL13RA1
OBG-0180-PLAC_OBG0180-AFP-RNA1,NA,IL13RA1
OBG0133_OBG0133-2-021,NA,IL13RA1
OBG0178_OBG0178-1-020,Escape,IL13RA1
OBG0166_OBG0166-2-011,NA,IL13RA1
OBG0115_OBG0115-2-011,NA,IL13RA1
OBG-0205-PLAC_OBG0205-AFP-RNA1,Escape,IL13RA1
OBG0178_OBG0178-2-021,Escape,IL13RA1
OBG-0205-PLAC_OBG0205-AFP-RNA2,NA,IL13RA1
OBG-0030-PLAC_OBG0030-BFP-RNA2,NA,IL13RA1
OBG-0024-PLAC_OBG0024-WFP-RNA1,Escape,IL13RA1
OBG-0030-PLAC_OBG0030-BFP-RNA1,NA,IL13RA1
OBG-0180-PLAC_OBG0180-AFP-RNA2,NA,IL13RA1
OBG-0289-PLAC_OBG0289-BFP-RNA2,NA,IL13RA1
OBG-0050-PLAC_OBG0050-HFP-RNA2,Escape,IL13RA1
OBG0068_OBG0068-1-020,NA,IL13RA1
OBG0044_OBG0044-2-011,NA,IL13RA1
OBG-0026-PLAC_OBG0026-WFP-RNA2,Inactivated,IL13RA1
OBG-0022-PLAC_OBG0022-WFP-RNA1,NA,IL13RA1
OBG-0028-PLAC_OBG0028-WFP-RNA2,Inactivated,IL13RA1
OBG0170_OBG0170-2-021,NA,IL13RA1
OBG0120_OBG0120-1-010,Inactivated,IL13RA1
OBG-0138-PLAC_OBG0138-AFP-RNA2,NA,IL13RA1
OBG-0024-PLAC_OBG0024-WFP-RNA2,Escape,IL13RA1
OBG0174_OBG0174-1-020,NA,IL13RA1
OBG-0201-PLAC_OBG0201-BFP-RNA2,Escape,IL13RA1
OBG0174_OBG0174-2-011,NA,IL13RA1
OBG-0138-PLAC_OBG0138-AFP-RNA1,NA,IL13RA1
OBG-0022-PLAC_OBG0022-WFP-RNA2,NA,IL13RA1
OBG0120_OBG0120-2-011,Inactivated,IL13RA1
OBG-0342-PLAC_OBG0342-WFP-RNA2,Inactivated,IL13RA1
OBG0170_OBG0170-1-020,NA,IL13RA1
OBG-0289-PLAC_OBG0289-BFP-RNA1,NA,IL13RA1
OBG-0028-PLAC_OBG0028-WFP-RNA1,NA,IL13RA1
OBG-0338-PLAC_OBG0338-WFP-RNA1,Escape,EFNB1
OBG0166_OBG0166-1-010,NA,EFNB1
OBG0068_OBG0068-2-021,NA,EFNB1
OBG-0050-PLAC_OBG0050-HFP-RNA1,Escape,EFNB1
OBG-0026-PLAC_OBG0026-WFP-RNA1,NA,EFNB1
OBG0115_OBG0115-1-010,Inactivated,EFNB1
OBG-0201-PLAC_OBG0201-BFP-RNA1,NA,EFNB1
OBG0044_OBG0044-1-010,Inactivated,EFNB1
OBG0133_OBG0133-1-020,Escape,EFNB1
OBG-0188-PLAC_OBG0188-BFP-RNA2,Inactivated,EFNB1
OBG-0342-PLAC_OBG0342-WFP-RNA1,NA,EFNB1
OBG-0188-PLAC_OBG0188-BFP-RNA1,NA,EFNB1
OBG-0338-PLAC_OBG0338-WFP-RNA2,Inactivated,EFNB1
OBG-0180-PLAC_OBG0180-AFP-RNA1,NA,EFNB1
OBG0133_OBG0133-2-021,Escape,EFNB1
OBG0178_OBG0178-1-020,Inactivated,EFNB1
OBG0166_OBG0166-2-011,NA,EFNB1
OBG0115_OBG0115-2-011,Inactivated,EFNB1
OBG-0205-PLAC_OBG0205-AFP-RNA1,NA,EFNB1
OBG0178_OBG0178-2-021,Escape,EFNB1
OBG-0205-PLAC_OBG0205-AFP-RNA2,NA,EFNB1
OBG-0030-PLAC_OBG0030-BFP-RNA2,NA,EFNB1
OBG-0024-PLAC_OBG0024-WFP-RNA1,NA,EFNB1
OBG-0030-PLAC_OBG0030-BFP-RNA1,NA,EFNB1
OBG-0180-PLAC_OBG0180-AFP-RNA2,NA,EFNB1
OBG-0289-PLAC_OBG0289-BFP-RNA2,NA,EFNB1
OBG-0050-PLAC_OBG0050-HFP-RNA2,Escape,EFNB1
OBG0068_OBG0068-1-020,NA,EFNB1
OBG0044_OBG0044-2-011,Inactivated,EFNB1
OBG-0026-PLAC_OBG0026-WFP-RNA2,NA,EFNB1
OBG-0022-PLAC_OBG0022-WFP-RNA1,NA,EFNB1
OBG-0028-PLAC_OBG0028-WFP-RNA2,NA,EFNB1
OBG0170_OBG0170-2-021,Inactivated,EFNB1
OBG0120_OBG0120-1-010,NA,EFNB1
OBG-0138-PLAC_OBG0138-AFP-RNA2,NA,EFNB1
OBG-0024-PLAC_OBG0024-WFP-RNA2,NA,EFNB1
OBG0174_OBG0174-1-020,NA,EFNB1
OBG-0201-PLAC_OBG0201-BFP-RNA2,NA,EFNB1
OBG0174_OBG0174-2-011,NA,EFNB1
OBG-0138-PLAC_OBG0138-AFP-RNA1,NA,EFNB1
OBG-0022-PLAC_OBG0022-WFP-RNA2,NA,EFNB1
OBG0120_OBG0120-2-011,NA,EFNB1
OBG-0342-PLAC_OBG0342-WFP-RNA2,NA,EFNB1
OBG0170_OBG0170-1-020,Inactivated,EFNB1
OBG-0289-PLAC_OBG0289-BFP-RNA1,NA,EFNB1
OBG-0028-PLAC_OBG0028-WFP-RNA1,NA,EFNB1
OBG-0338-PLAC_OBG0338-WFP-RNA1,NA,ATG4A
OBG0166_OBG0166-1-010,NA,ATG4A
OBG0068_OBG0068-2-021,NA,ATG4A
OBG-0050-PLAC_OBG0050-HFP-RNA1,NA,ATG4A
OBG-0026-PLAC_OBG0026-WFP-RNA1,NA,ATG4A
OBG0115_OBG0115-1-010,NA,ATG4A
OBG-0201-PLAC_OBG0201-BFP-RNA1,NA,ATG4A
OBG0044_OBG0044-1-010,NA,ATG4A
OBG0133_OBG0133-1-020,Escape,ATG4A
OBG-0188-PLAC_OBG0188-BFP-RNA2,NA,ATG4A
OBG-0342-PLAC_OBG0342-WFP-RNA1,NA,ATG4A
OBG-0188-PLAC_OBG0188-BFP-RNA1,NA,ATG4A
OBG-0338-PLAC_OBG0338-WFP-RNA2,NA,ATG4A
OBG-0180-PLAC_OBG0180-AFP-RNA1,NA,ATG4A
OBG0133_OBG0133-2-021,NA,ATG4A
OBG0178_OBG0178-1-020,Escape,ATG4A
OBG0166_OBG0166-2-011,NA,ATG4A
OBG0115_OBG0115-2-011,NA,ATG4A
OBG-0205-PLAC_OBG0205-AFP-RNA1,NA,ATG4A
OBG0178_OBG0178-2-021,Inactivated,ATG4A
OBG-0205-PLAC_OBG0205-AFP-RNA2,NA,ATG4A
OBG-0030-PLAC_OBG0030-BFP-RNA2,NA,ATG4A
OBG-0024-PLAC_OBG0024-WFP-RNA1,NA,ATG4A
OBG-0030-PLAC_OBG0030-BFP-RNA1,NA,ATG4A
OBG-0180-PLAC_OBG0180-AFP-RNA2,NA,ATG4A
OBG-0289-PLAC_OBG0289-BFP-RNA2,NA,ATG4A
OBG-0050-PLAC_OBG0050-HFP-RNA2,NA,ATG4A
OBG0068_OBG0068-1-020,NA,ATG4A
OBG0044_OBG0044-2-011,NA,ATG4A
OBG-0026-PLAC_OBG0026-WFP-RNA2,NA,ATG4A
OBG-0022-PLAC_OBG0022-WFP-RNA1,NA,ATG4A
OBG-0028-PLAC_OBG0028-WFP-RNA2,NA,ATG4A
OBG0170_OBG0170-2-021,NA,ATG4A
OBG0120_OBG0120-1-010,NA,ATG4A
OBG-0138-PLAC_OBG0138-AFP-RNA2,NA,ATG4A
OBG-0024-PLAC_OBG0024-WFP-RNA2,Inactivated,ATG4A
OBG0174_OBG0174-1-020,NA,ATG4A
OBG-0201-PLAC_OBG0201-BFP-RNA2,NA,ATG4A
OBG0174_OBG0174-2-011,NA,ATG4A
OBG-0138-PLAC_OBG0138-AFP-RNA1,NA,ATG4A
OBG-0022-PLAC_OBG0022-WFP-RNA2,NA,ATG4A
OBG0120_OBG0120-2-011,NA,ATG4A
OBG-0342-PLAC_OBG0342-WFP-RNA2,NA,ATG4A
OBG0170_OBG0170-1-020,NA,ATG4A
OBG-0289-PLAC_OBG0289-BFP-RNA1,NA,ATG4A
OBG-0028-PLAC_OBG0028-WFP-RNA1,NA,ATG4A
OBG-0338-PLAC_OBG0338-WFP-RNA1,NA,CDK16
OBG0166_OBG0166-1-010,NA,CDK16
OBG0068_OBG0068-2-021,NA,CDK16
OBG-0050-PLAC_OBG0050-HFP-RNA1,NA,CDK16
OBG-0026-PLAC_OBG0026-WFP-RNA1,Escape,CDK16
OBG0115_OBG0115-1-010,NA,CDK16
OBG-0201-PLAC_OBG0201-BFP-RNA1,NA,CDK16
OBG0044_OBG0044-1-010,NA,CDK16
OBG0133_OBG0133-1-020,Escape,CDK16
OBG-0188-PLAC_OBG0188-BFP-RNA2,Inactivated,CDK16
OBG-0342-PLAC_OBG0342-WFP-RNA1,NA,CDK16
OBG-0188-PLAC_OBG0188-BFP-RNA1,NA,CDK16
OBG-0338-PLAC_OBG0338-WFP-RNA2,NA,CDK16
OBG-0180-PLAC_OBG0180-AFP-RNA1,NA,CDK16
OBG0133_OBG0133-2-021,Escape,CDK16
OBG0178_OBG0178-1-020,NA,CDK16
OBG0166_OBG0166-2-011,NA,CDK16
OBG0115_OBG0115-2-011,NA,CDK16
OBG-0205-PLAC_OBG0205-AFP-RNA1,Inactivated,CDK16
OBG0178_OBG0178-2-021,NA,CDK16
OBG-0205-PLAC_OBG0205-AFP-RNA2,Escape,CDK16
OBG-0030-PLAC_OBG0030-BFP-RNA2,NA,CDK16
OBG-0024-PLAC_OBG0024-WFP-RNA1,NA,CDK16
OBG-0030-PLAC_OBG0030-BFP-RNA1,NA,CDK16
OBG-0180-PLAC_OBG0180-AFP-RNA2,NA,CDK16
OBG-0289-PLAC_OBG0289-BFP-RNA2,Escape,CDK16
OBG-0050-PLAC_OBG0050-HFP-RNA2,NA,CDK16
OBG0068_OBG0068-1-020,NA,CDK16
OBG0044_OBG0044-2-011,NA,CDK16
OBG-0026-PLAC_OBG0026-WFP-RNA2,Escape,CDK16
OBG-0022-PLAC_OBG0022-WFP-RNA1,NA,CDK16
OBG-0028-PLAC_OBG0028-WFP-RNA2,Escape,CDK16
OBG0170_OBG0170-2-021,NA,CDK16
OBG0120_OBG0120-1-010,Escape,CDK16
OBG-0138-PLAC_OBG0138-AFP-RNA2,NA,CDK16
OBG-0024-PLAC_OBG0024-WFP-RNA2,NA,CDK16
OBG0174_OBG0174-1-020,NA,CDK16
OBG-0201-PLAC_OBG0201-BFP-RNA2,NA,CDK16
OBG0174_OBG0174-2-011,NA,CDK16
OBG-0138-PLAC_OBG0138-AFP-RNA1,Escape,CDK16
OBG-0022-PLAC_OBG0022-WFP-RNA2,NA,CDK16
OBG0120_OBG0120-2-011,NA,CDK16
OBG-0342-PLAC_OBG0342-WFP-RNA2,NA,CDK16
OBG0170_OBG0170-1-020,NA,CDK16
OBG-0289-PLAC_OBG0289-BFP-RNA1,Escape,CDK16
OBG-0028-PLAC_OBG0028-WFP-RNA1,Inactivated,CDK16
OBG-0338-PLAC_OBG0338-WFP-RNA1,NA,RBM41
OBG0166_OBG0166-1-010,NA,RBM41
OBG0068_OBG0068-2-021,NA,RBM41
OBG-0050-PLAC_OBG0050-HFP-RNA1,NA,RBM41
OBG-0026-PLAC_OBG0026-WFP-RNA1,NA,RBM41
OBG0115_OBG0115-1-010,Escape,RBM41
OBG-0201-PLAC_OBG0201-BFP-RNA1,NA,RBM41
OBG0044_OBG0044-1-010,NA,RBM41
OBG0133_OBG0133-1-020,NA,RBM41
OBG-0188-PLAC_OBG0188-BFP-RNA2,NA,RBM41
OBG-0342-PLAC_OBG0342-WFP-RNA1,NA,RBM41
OBG-0188-PLAC_OBG0188-BFP-RNA1,NA,RBM41
OBG-0338-PLAC_OBG0338-WFP-RNA2,NA,RBM41
OBG-0180-PLAC_OBG0180-AFP-RNA1,NA,RBM41
OBG0133_OBG0133-2-021,NA,RBM41
OBG0178_OBG0178-1-020,Inactivated,RBM41
OBG0166_OBG0166-2-011,NA,RBM41
OBG0115_OBG0115-2-011,NA,RBM41
OBG-0205-PLAC_OBG0205-AFP-RNA1,NA,RBM41
OBG0178_OBG0178-2-021,Escape,RBM41
OBG-0205-PLAC_OBG0205-AFP-RNA2,NA,RBM41
OBG-0030-PLAC_OBG0030-BFP-RNA2,NA,RBM41
OBG-0024-PLAC_OBG0024-WFP-RNA1,NA,RBM41
OBG-0030-PLAC_OBG0030-BFP-RNA1,NA,RBM41
OBG-0180-PLAC_OBG0180-AFP-RNA2,NA,RBM41
OBG-0289-PLAC_OBG0289-BFP-RNA2,NA,RBM41
OBG-0050-PLAC_OBG0050-HFP-RNA2,NA,RBM41
OBG0068_OBG0068-1-020,NA,RBM41
OBG0044_OBG0044-2-011,NA,RBM41
OBG-0026-PLAC_OBG0026-WFP-RNA2,NA,RBM41
OBG-0022-PLAC_OBG0022-WFP-RNA1,NA,RBM41
OBG-0028-PLAC_OBG0028-WFP-RNA2,Inactivated,RBM41
OBG0170_OBG0170-2-021,NA,RBM41
OBG0120_OBG0120-1-010,NA,RBM41
OBG-0138-PLAC_OBG0138-AFP-RNA2,NA,RBM41
OBG-0024-PLAC_OBG0024-WFP-RNA2,NA,RBM41
OBG0174_OBG0174-1-020,NA,RBM41
OBG-0201-PLAC_OBG0201-BFP-RNA2,Inactivated,RBM41
OBG0174_OBG0174-2-011,NA,RBM41
OBG-0138-PLAC_OBG0138-AFP-RNA1,NA,RBM41
OBG-0022-PLAC_OBG0022-WFP-RNA2,NA,RBM41
OBG0120_OBG0120-2-011,NA,RBM41
OBG-0342-PLAC_OBG0342-WFP-RNA2,Inactivated,RBM41
OBG0170_OBG0170-1-020,NA,RBM41
OBG-0289-PLAC_OBG0289-BFP-RNA1,NA,RBM41
OBG-0028-PLAC_OBG0028-WFP-RNA1,NA,RBM41
OBG-0338-PLAC_OBG0338-WFP-RNA1,NA,IRAK1
OBG0166_OBG0166-1-010,NA,IRAK1
OBG0068_OBG0068-2-021,Inactivated,IRAK1
OBG-0050-PLAC_OBG0050-HFP-RNA1,Escape,IRAK1
OBG-0026-PLAC_OBG0026-WFP-RNA1,Inactivated,IRAK1
OBG0115_OBG0115-1-010,Inactivated,IRAK1
OBG-0201-PLAC_OBG0201-BFP-RNA1,Inactivated,IRAK1
OBG0044_OBG0044-1-010,NA,IRAK1
OBG0133_OBG0133-1-020,Inactivated,IRAK1
OBG-0188-PLAC_OBG0188-BFP-RNA2,Escape,IRAK1
OBG-0342-PLAC_OBG0342-WFP-RNA1,Inactivated,IRAK1
OBG-0188-PLAC_OBG0188-BFP-RNA1,NA,IRAK1
OBG-0338-PLAC_OBG0338-WFP-RNA2,NA,IRAK1
OBG-0180-PLAC_OBG0180-AFP-RNA1,NA,IRAK1
OBG0133_OBG0133-2-021,Escape,IRAK1
OBG0178_OBG0178-1-020,Inactivated,IRAK1
OBG0166_OBG0166-2-011,NA,IRAK1
OBG0115_OBG0115-2-011,Escape,IRAK1
OBG-0205-PLAC_OBG0205-AFP-RNA1,NA,IRAK1
OBG0178_OBG0178-2-021,Escape,IRAK1
OBG-0205-PLAC_OBG0205-AFP-RNA2,NA,IRAK1
OBG-0030-PLAC_OBG0030-BFP-RNA2,Inactivated,IRAK1
OBG-0024-PLAC_OBG0024-WFP-RNA1,NA,IRAK1
OBG-0030-PLAC_OBG0030-BFP-RNA1,Inactivated,IRAK1
OBG-0180-PLAC_OBG0180-AFP-RNA2,NA,IRAK1
OBG-0289-PLAC_OBG0289-BFP-RNA2,Inactivated,IRAK1
OBG-0050-PLAC_OBG0050-HFP-RNA2,Escape,IRAK1
OBG0068_OBG0068-1-020,Inactivated,IRAK1
OBG0044_OBG0044-2-011,NA,IRAK1
OBG-0026-PLAC_OBG0026-WFP-RNA2,Escape,IRAK1
OBG-0022-PLAC_OBG0022-WFP-RNA1,Escape,IRAK1
OBG-0028-PLAC_OBG0028-WFP-RNA2,Escape,IRAK1
OBG0170_OBG0170-2-021,NA,IRAK1
OBG0120_OBG0120-1-010,NA,IRAK1
OBG-0138-PLAC_OBG0138-AFP-RNA2,NA,IRAK1
OBG-0024-PLAC_OBG0024-WFP-RNA2,NA,IRAK1
OBG0174_OBG0174-1-020,NA,IRAK1
OBG-0201-PLAC_OBG0201-BFP-RNA2,Inactivated,IRAK1
OBG0174_OBG0174-2-011,Inactivated,IRAK1
OBG-0138-PLAC_OBG0138-AFP-RNA1,Inactivated,IRAK1
OBG-0022-PLAC_OBG0022-WFP-RNA2,Escape,IRAK1
OBG0120_OBG0120-2-011,NA,IRAK1
OBG-0342-PLAC_OBG0342-WFP-RNA2,Inactivated,IRAK1
OBG0170_OBG0170-1-020,NA,IRAK1
OBG-0289-PLAC_OBG0289-BFP-RNA1,Inactivated,IRAK1
OBG-0028-PLAC_OBG0028-WFP-RNA1,NA,IRAK1
OBG-0338-PLAC_OBG0338-WFP-RNA1,NA,GPC4
OBG0166_OBG0166-1-010,NA,GPC4
OBG0068_OBG0068-2-021,NA,GPC4
OBG-0050-PLAC_OBG0050-HFP-RNA1,Escape,GPC4
OBG-0026-PLAC_OBG0026-WFP-RNA1,Inactivated,GPC4
OBG0115_OBG0115-1-010,NA,GPC4
OBG-0201-PLAC_OBG0201-BFP-RNA1,Escape,GPC4
OBG0044_OBG0044-1-010,NA,GPC4
OBG0133_OBG0133-1-020,NA,GPC4
OBG-0188-PLAC_OBG0188-BFP-RNA2,NA,GPC4
OBG-0342-PLAC_OBG0342-WFP-RNA1,NA,GPC4
OBG-0188-PLAC_OBG0188-BFP-RNA1,NA,GPC4
OBG-0338-PLAC_OBG0338-WFP-RNA2,NA,GPC4
OBG-0180-PLAC_OBG0180-AFP-RNA1,Escape,GPC4
OBG0133_OBG0133-2-021,NA,GPC4
OBG0178_OBG0178-1-020,NA,GPC4
OBG0166_OBG0166-2-011,NA,GPC4
OBG0115_OBG0115-2-011,NA,GPC4
OBG-0205-PLAC_OBG0205-AFP-RNA1,NA,GPC4
OBG0178_OBG0178-2-021,NA,GPC4
OBG-0205-PLAC_OBG0205-AFP-RNA2,NA,GPC4
OBG-0030-PLAC_OBG0030-BFP-RNA2,NA,GPC4
OBG-0024-PLAC_OBG0024-WFP-RNA1,Escape,GPC4
OBG-0030-PLAC_OBG0030-BFP-RNA1,NA,GPC4
OBG-0180-PLAC_OBG0180-AFP-RNA2,NA,GPC4
OBG-0289-PLAC_OBG0289-BFP-RNA2,Inactivated,GPC4
OBG-0050-PLAC_OBG0050-HFP-RNA2,Inactivated,GPC4
OBG0068_OBG0068-1-020,NA,GPC4
OBG0044_OBG0044-2-011,NA,GPC4
OBG-0026-PLAC_OBG0026-WFP-RNA2,Escape,GPC4
OBG-0022-PLAC_OBG0022-WFP-RNA1,NA,GPC4
OBG-0028-PLAC_OBG0028-WFP-RNA2,NA,GPC4
OBG0170_OBG0170-2-021,Inactivated,GPC4
OBG0120_OBG0120-1-010,Inactivated,GPC4
OBG-0138-PLAC_OBG0138-AFP-RNA2,Inactivated,GPC4
OBG-0024-PLAC_OBG0024-WFP-RNA2,Inactivated,GPC4
OBG0174_OBG0174-1-020,NA,GPC4
OBG-0201-PLAC_OBG0201-BFP-RNA2,Inactivated,GPC4
OBG0174_OBG0174-2-011,NA,GPC4
OBG-0138-PLAC_OBG0138-AFP-RNA1,Inactivated,GPC4
OBG-0022-PLAC_OBG0022-WFP-RNA2,NA,GPC4
OBG0120_OBG0120-2-011,Escape,GPC4
OBG-0342-PLAC_OBG0342-WFP-RNA2,NA,GPC4
OBG0170_OBG0170-1-020,Inactivated,GPC4
OBG-0289-PLAC_OBG0289-BFP-RNA1,Inactivated,GPC4
OBG-0028-PLAC_OBG0028-WFP-RNA1,NA,GPC4
OBG-0338-PLAC_OBG0338-WFP-RNA1,NA,ZRSR2
OBG0166_OBG0166-1-010,Inactivated,ZRSR2
OBG0068_OBG0068-2-021,NA,ZRSR2
OBG-0050-PLAC_OBG0050-HFP-RNA1,NA,ZRSR2
OBG-0026-PLAC_OBG0026-WFP-RNA1,NA,ZRSR2
OBG0115_OBG0115-1-010,NA,ZRSR2
OBG-0201-PLAC_OBG0201-BFP-RNA1,NA,ZRSR2
OBG0044_OBG0044-1-010,NA,ZRSR2
OBG0133_OBG0133-1-020,NA,ZRSR2
OBG-0188-PLAC_OBG0188-BFP-RNA2,NA,ZRSR2
OBG-0342-PLAC_OBG0342-WFP-RNA1,Inactivated,ZRSR2
OBG-0188-PLAC_OBG0188-BFP-RNA1,NA,ZRSR2
OBG-0338-PLAC_OBG0338-WFP-RNA2,NA,ZRSR2
OBG-0180-PLAC_OBG0180-AFP-RNA1,NA,ZRSR2
OBG0133_OBG0133-2-021,NA,ZRSR2
OBG0178_OBG0178-1-020,Escape,ZRSR2
OBG0166_OBG0166-2-011,NA,ZRSR2
OBG0115_OBG0115-2-011,NA,ZRSR2
OBG-0205-PLAC_OBG0205-AFP-RNA1,NA,ZRSR2
OBG0178_OBG0178-2-021,Escape,ZRSR2
OBG-0205-PLAC_OBG0205-AFP-RNA2,NA,ZRSR2
OBG-0030-PLAC_OBG0030-BFP-RNA2,Escape,ZRSR2
OBG-0024-PLAC_OBG0024-WFP-RNA1,NA,ZRSR2
OBG-0030-PLAC_OBG0030-BFP-RNA1,NA,ZRSR2
OBG-0180-PLAC_OBG0180-AFP-RNA2,NA,ZRSR2
OBG-0289-PLAC_OBG0289-BFP-RNA2,NA,ZRSR2
OBG-0050-PLAC_OBG0050-HFP-RNA2,NA,ZRSR2
OBG0068_OBG0068-1-020,NA,ZRSR2
OBG0044_OBG0044-2-011,NA,ZRSR2
OBG-0026-PLAC_OBG0026-WFP-RNA2,NA,ZRSR2
OBG-0022-PLAC_OBG0022-WFP-RNA1,NA,ZRSR2
OBG-0028-PLAC_OBG0028-WFP-RNA2,NA,ZRSR2
OBG0170_OBG0170-2-021,NA,ZRSR2
OBG0120_OBG0120-1-010,NA,ZRSR2
OBG-0138-PLAC_OBG0138-AFP-RNA2,NA,ZRSR2
OBG-0024-PLAC_OBG0024-WFP-RNA2,NA,ZRSR2
OBG0174_OBG0174-1-020,NA,ZRSR2
OBG-0201-PLAC_OBG0201-BFP-RNA2,NA,ZRSR2
OBG0174_OBG0174-2-011,Escape,ZRSR2
OBG-0138-PLAC_OBG0138-AFP-RNA1,NA,ZRSR2
OBG-0022-PLAC_OBG0022-WFP-RNA2,NA,ZRSR2
OBG0120_OBG0120-2-011,NA,ZRSR2
OBG-0342-PLAC_OBG0342-WFP-RNA2,NA,ZRSR2
OBG0170_OBG0170-1-020,NA,ZRSR2
OBG-0289-PLAC_OBG0289-BFP-RNA1,NA,ZRSR2
OBG-0028-PLAC_OBG0028-WFP-RNA1,NA,ZRSR2
OBG-0338-PLAC_OBG0338-WFP-RNA1,NA,MSL3
OBG0166_OBG0166-1-010,NA,MSL3
OBG0068_OBG0068-2-021,Inactivated,MSL3
OBG-0050-PLAC_OBG0050-HFP-RNA1,NA,MSL3
OBG-0026-PLAC_OBG0026-WFP-RNA1,NA,MSL3
OBG0115_OBG0115-1-010,NA,MSL3
OBG-0201-PLAC_OBG0201-BFP-RNA1,NA,MSL3
OBG0044_OBG0044-1-010,NA,MSL3
OBG0133_OBG0133-1-020,Inactivated,MSL3
OBG-0188-PLAC_OBG0188-BFP-RNA2,NA,MSL3
OBG-0342-PLAC_OBG0342-WFP-RNA1,Inactivated,MSL3
OBG-0188-PLAC_OBG0188-BFP-RNA1,NA,MSL3
OBG-0338-PLAC_OBG0338-WFP-RNA2,NA,MSL3
OBG-0180-PLAC_OBG0180-AFP-RNA1,NA,MSL3
OBG0133_OBG0133-2-021,NA,MSL3
OBG0178_OBG0178-1-020,Escape,MSL3
OBG0166_OBG0166-2-011,NA,MSL3
OBG0115_OBG0115-2-011,NA,MSL3
OBG-0205-PLAC_OBG0205-AFP-RNA1,NA,MSL3
OBG0178_OBG0178-2-021,NA,MSL3
OBG-0205-PLAC_OBG0205-AFP-RNA2,NA,MSL3
OBG-0030-PLAC_OBG0030-BFP-RNA2,NA,MSL3
OBG-0024-PLAC_OBG0024-WFP-RNA1,NA,MSL3
OBG-0030-PLAC_OBG0030-BFP-RNA1,NA,MSL3
OBG-0180-PLAC_OBG0180-AFP-RNA2,NA,MSL3
OBG-0289-PLAC_OBG0289-BFP-RNA2,NA,MSL3
OBG-0050-PLAC_OBG0050-HFP-RNA2,NA,MSL3
OBG0068_OBG0068-1-020,Escape,MSL3
OBG0044_OBG0044-2-011,NA,MSL3
OBG-0026-PLAC_OBG0026-WFP-RNA2,NA,MSL3
OBG-0022-PLAC_OBG0022-WFP-RNA1,NA,MSL3
OBG-0028-PLAC_OBG0028-WFP-RNA2,Inactivated,MSL3
OBG0170_OBG0170-2-021,NA,MSL3
OBG0120_OBG0120-1-010,NA,MSL3
OBG-0138-PLAC_OBG0138-AFP-RNA2,NA,MSL3
OBG-0024-PLAC_OBG0024-WFP-RNA2,NA,MSL3
OBG0174_OBG0174-1-020,NA,MSL3
OBG-0201-PLAC_OBG0201-BFP-RNA2,NA,MSL3
OBG0174_OBG0174-2-011,Escape,MSL3
OBG-0138-PLAC_OBG0138-AFP-RNA1,NA,MSL3
OBG-0022-PLAC_OBG0022-WFP-RNA2,NA,MSL3
OBG0120_OBG0120-2-011,NA,MSL3
OBG-0342-PLAC_OBG0342-WFP-RNA2,NA,MSL3
OBG0170_OBG0170-1-020,NA,MSL3
OBG-0289-PLAC_OBG0289-BFP-RNA1,NA,MSL3
OBG-0028-PLAC_OBG0028-WFP-RNA1,NA,MSL3
OBG-0338-PLAC_OBG0338-WFP-RNA1,NA,RPS6KA3
OBG0166_OBG0166-1-010,NA,RPS6KA3
OBG0068_OBG0068-2-021,Inactivated,RPS6KA3
OBG-0050-PLAC_OBG0050-HFP-RNA1,Escape,RPS6KA3
OBG-0026-PLAC_OBG0026-WFP-RNA1,NA,RPS6KA3
OBG0115_OBG0115-1-010,NA,RPS6KA3
OBG-0201-PLAC_OBG0201-BFP-RNA1,NA,RPS6KA3
OBG0044_OBG0044-1-010,NA,RPS6KA3
OBG0133_OBG0133-1-020,NA,RPS6KA3
OBG-0188-PLAC_OBG0188-BFP-RNA2,NA,RPS6KA3
OBG-0342-PLAC_OBG0342-WFP-RNA1,NA,RPS6KA3
OBG-0188-PLAC_OBG0188-BFP-RNA1,NA,RPS6KA3
OBG-0338-PLAC_OBG0338-WFP-RNA2,NA,RPS6KA3
OBG-0180-PLAC_OBG0180-AFP-RNA1,NA,RPS6KA3
OBG0133_OBG0133-2-021,NA,RPS6KA3
OBG0178_OBG0178-1-020,Inactivated,RPS6KA3
OBG0166_OBG0166-2-011,NA,RPS6KA3
OBG0115_OBG0115-2-011,NA,RPS6KA3
OBG-0205-PLAC_OBG0205-AFP-RNA1,NA,RPS6KA3
OBG0178_OBG0178-2-021,Escape,RPS6KA3
OBG-0205-PLAC_OBG0205-AFP-RNA2,NA,RPS6KA3
OBG-0030-PLAC_OBG0030-BFP-RNA2,NA,RPS6KA3
OBG-0024-PLAC_OBG0024-WFP-RNA1,NA,RPS6KA3
OBG-0030-PLAC_OBG0030-BFP-RNA1,NA,RPS6KA3
OBG-0180-PLAC_OBG0180-AFP-RNA2,NA,RPS6KA3
OBG-0289-PLAC_OBG0289-BFP-RNA2,Escape,RPS6KA3
OBG-0050-PLAC_OBG0050-HFP-RNA2,Escape,RPS6KA3
OBG0068_OBG0068-1-020,Inactivated,RPS6KA3
OBG0044_OBG0044-2-011,NA,RPS6KA3
OBG-0026-PLAC_OBG0026-WFP-RNA2,NA,RPS6KA3
OBG-0022-PLAC_OBG0022-WFP-RNA1,Inactivated,RPS6KA3
OBG-0028-PLAC_OBG0028-WFP-RNA2,NA,RPS6KA3
OBG0170_OBG0170-2-021,Inactivated,RPS6KA3
OBG0120_OBG0120-1-010,NA,RPS6KA3
OBG-0138-PLAC_OBG0138-AFP-RNA2,NA,RPS6KA3
OBG-0024-PLAC_OBG0024-WFP-RNA2,NA,RPS6KA3
OBG0174_OBG0174-1-020,NA,RPS6KA3
OBG-0201-PLAC_OBG0201-BFP-RNA2,NA,RPS6KA3
OBG0174_OBG0174-2-011,NA,RPS6KA3
OBG-0138-PLAC_OBG0138-AFP-RNA1,NA,RPS6KA3
OBG-0022-PLAC_OBG0022-WFP-RNA2,Escape,RPS6KA3
OBG0120_OBG0120-2-011,NA,RPS6KA3
OBG-0342-PLAC_OBG0342-WFP-RNA2,NA,RPS6KA3
OBG0170_OBG0170-1-020,Escape,RPS6KA3
OBG-0289-PLAC_OBG0289-BFP-RNA1,Escape,RPS6KA3
OBG-0028-PLAC_OBG0028-WFP-RNA1,NA,RPS6KA3
OBG-0338-PLAC_OBG0338-WFP-RNA1,NA,BCOR
OBG0166_OBG0166-1-010,NA,BCOR
OBG0068_OBG0068-2-021,NA,BCOR
OBG-0050-PLAC_OBG0050-HFP-RNA1,NA,BCOR
OBG-0026-PLAC_OBG0026-WFP-RNA1,Inactivated,BCOR
OBG0115_OBG0115-1-010,NA,BCOR
OBG-0201-PLAC_OBG0201-BFP-RNA1,NA,BCOR
OBG0044_OBG0044-1-010,NA,BCOR
OBG0133_OBG0133-1-020,NA,BCOR
OBG-0188-PLAC_OBG0188-BFP-RNA2,Escape,BCOR
OBG-0342-PLAC_OBG0342-WFP-RNA1,NA,BCOR
OBG-0188-PLAC_OBG0188-BFP-RNA1,NA,BCOR
OBG-0338-PLAC_OBG0338-WFP-RNA2,NA,BCOR
OBG-0180-PLAC_OBG0180-AFP-RNA1,NA,BCOR
OBG0133_OBG0133-2-021,NA,BCOR
OBG0178_OBG0178-1-020,Inactivated,BCOR
OBG0166_OBG0166-2-011,NA,BCOR
OBG0115_OBG0115-2-011,NA,BCOR
OBG-0205-PLAC_OBG0205-AFP-RNA1,NA,BCOR
OBG0178_OBG0178-2-021,Escape,BCOR
OBG-0205-PLAC_OBG0205-AFP-RNA2,NA,BCOR
OBG-0030-PLAC_OBG0030-BFP-RNA2,Inactivated,BCOR
OBG-0024-PLAC_OBG0024-WFP-RNA1,NA,BCOR
OBG-0030-PLAC_OBG0030-BFP-RNA1,Inactivated,BCOR
OBG-0180-PLAC_OBG0180-AFP-RNA2,NA,BCOR
OBG-0289-PLAC_OBG0289-BFP-RNA2,Escape,BCOR
OBG-0050-PLAC_OBG0050-HFP-RNA2,NA,BCOR
OBG0068_OBG0068-1-020,NA,BCOR
OBG0044_OBG0044-2-011,NA,BCOR
OBG-0026-PLAC_OBG0026-WFP-RNA2,NA,BCOR
OBG-0022-PLAC_OBG0022-WFP-RNA1,NA,BCOR
OBG-0028-PLAC_OBG0028-WFP-RNA2,NA,BCOR
OBG0170_OBG0170-2-021,Inactivated,BCOR
OBG0120_OBG0120-1-010,NA,BCOR
OBG-0138-PLAC_OBG0138-AFP-RNA2,NA,BCOR
OBG-0024-PLAC_OBG0024-WFP-RNA2,NA,BCOR
OBG0174_OBG0174-1-020,NA,BCOR
OBG-0201-PLAC_OBG0201-BFP-RNA2,NA,BCOR
OBG0174_OBG0174-2-011,NA,BCOR
OBG-0138-PLAC_OBG0138-AFP-RNA1,NA,BCOR
OBG-0022-PLAC_OBG0022-WFP-RNA2,NA,BCOR
OBG0120_OBG0120-2-011,NA,BCOR
OBG-0342-PLAC_OBG0342-WFP-RNA2,NA,BCOR
OBG0170_OBG0170-1-020,NA,BCOR
OBG-0289-PLAC_OBG0289-BFP-RNA1,Escape,BCOR
OBG-0028-PLAC_OBG0028-WFP-RNA1,NA,BCOR
OBG-0338-PLAC_OBG0338-WFP-RNA1,NA,LINC00632
OBG0166_OBG0166-1-010,NA,LINC00632
OBG0068_OBG0068-2-021,NA,LINC00632
OBG-0050-PLAC_OBG0050-HFP-RNA1,NA,LINC00632
OBG-0026-PLAC_OBG0026-WFP-RNA1,NA,LINC00632
OBG0115_OBG0115-1-010,NA,LINC00632
OBG-0201-PLAC_OBG0201-BFP-RNA1,Escape,LINC00632
OBG0044_OBG0044-1-010,NA,LINC00632
OBG0133_OBG0133-1-020,NA,LINC00632
OBG-0188-PLAC_OBG0188-BFP-RNA2,Escape,LINC00632
OBG-0342-PLAC_OBG0342-WFP-RNA1,NA,LINC00632
OBG-0188-PLAC_OBG0188-BFP-RNA1,NA,LINC00632
OBG-0338-PLAC_OBG0338-WFP-RNA2,NA,LINC00632
OBG-0180-PLAC_OBG0180-AFP-RNA1,NA,LINC00632
OBG0133_OBG0133-2-021,NA,LINC00632
OBG0178_OBG0178-1-020,NA,LINC00632
OBG0166_OBG0166-2-011,NA,LINC00632
OBG0115_OBG0115-2-011,NA,LINC00632
OBG-0205-PLAC_OBG0205-AFP-RNA1,NA,LINC00632
OBG0178_OBG0178-2-021,NA,LINC00632
OBG-0205-PLAC_OBG0205-AFP-RNA2,NA,LINC00632
OBG-0030-PLAC_OBG0030-BFP-RNA2,NA,LINC00632
OBG-0024-PLAC_OBG0024-WFP-RNA1,NA,LINC00632
OBG-0030-PLAC_OBG0030-BFP-RNA1,NA,LINC00632
OBG-0180-PLAC_OBG0180-AFP-RNA2,NA,LINC00632
OBG-0289-PLAC_OBG0289-BFP-RNA2,NA,LINC00632
OBG-0050-PLAC_OBG0050-HFP-RNA2,NA,LINC00632
OBG0068_OBG0068-1-020,NA,LINC00632
OBG0044_OBG0044-2-011,NA,LINC00632
OBG-0026-PLAC_OBG0026-WFP-RNA2,NA,LINC00632
OBG-0022-PLAC_OBG0022-WFP-RNA1,Escape,LINC00632
OBG-0028-PLAC_OBG0028-WFP-RNA2,NA,LINC00632
OBG0170_OBG0170-2-021,NA,LINC00632
OBG0120_OBG0120-1-010,NA,LINC00632
OBG-0138-PLAC_OBG0138-AFP-RNA2,NA,LINC00632
OBG-0024-PLAC_OBG0024-WFP-RNA2,NA,LINC00632
OBG0174_OBG0174-1-020,NA,LINC00632
OBG-0201-PLAC_OBG0201-BFP-RNA2,Inactivated,LINC00632
OBG0174_OBG0174-2-011,NA,LINC00632
OBG-0138-PLAC_OBG0138-AFP-RNA1,NA,LINC00632
OBG-0022-PLAC_OBG0022-WFP-RNA2,Inactivated,LINC00632
OBG0120_OBG0120-2-011,NA,LINC00632
OBG-0342-PLAC_OBG0342-WFP-RNA2,NA,LINC00632
OBG0170_OBG0170-1-020,NA,LINC00632
OBG-0289-PLAC_OBG0289-BFP-RNA1,NA,LINC00632
OBG-0028-PLAC_OBG0028-WFP-RNA1,NA,LINC00632
OBG-0338-PLAC_OBG0338-WFP-RNA1,Escape,CD99
OBG0166_OBG0166-1-010,NA,CD99
OBG0068_OBG0068-2-021,Inactivated,CD99
OBG-0050-PLAC_OBG0050-HFP-RNA1,Escape,CD99
OBG-0026-PLAC_OBG0026-WFP-RNA1,Escape,CD99
OBG0115_OBG0115-1-010,Inactivated,CD99
OBG-0201-PLAC_OBG0201-BFP-RNA1,Inactivated,CD99
OBG0044_OBG0044-1-010,Escape,CD99
OBG0133_OBG0133-1-020,NA,CD99
OBG-0188-PLAC_OBG0188-BFP-RNA2,Escape,CD99
OBG-0342-PLAC_OBG0342-WFP-RNA1,Escape,CD99
OBG-0188-PLAC_OBG0188-BFP-RNA1,Escape,CD99
OBG-0338-PLAC_OBG0338-WFP-RNA2,Inactivated,CD99
OBG-0180-PLAC_OBG0180-AFP-RNA1,NA,CD99
OBG0133_OBG0133-2-021,NA,CD99
OBG0178_OBG0178-1-020,Escape,CD99
OBG0166_OBG0166-2-011,NA,CD99
OBG0115_OBG0115-2-011,Escape,CD99
OBG-0205-PLAC_OBG0205-AFP-RNA1,Inactivated,CD99
OBG0178_OBG0178-2-021,Escape,CD99
OBG-0205-PLAC_OBG0205-AFP-RNA2,Inactivated,CD99
OBG-0030-PLAC_OBG0030-BFP-RNA2,Escape,CD99
OBG-0024-PLAC_OBG0024-WFP-RNA1,Inactivated,CD99
OBG-0030-PLAC_OBG0030-BFP-RNA1,Escape,CD99
OBG-0180-PLAC_OBG0180-AFP-RNA2,NA,CD99
OBG-0289-PLAC_OBG0289-BFP-RNA2,NA,CD99
OBG-0050-PLAC_OBG0050-HFP-RNA2,Escape,CD99
OBG0068_OBG0068-1-020,Inactivated,CD99
OBG0044_OBG0044-2-011,Escape,CD99
OBG-0026-PLAC_OBG0026-WFP-RNA2,Inactivated,CD99
OBG-0022-PLAC_OBG0022-WFP-RNA1,NA,CD99
OBG-0028-PLAC_OBG0028-WFP-RNA2,Escape,CD99
OBG0170_OBG0170-2-021,Escape,CD99
OBG0120_OBG0120-1-010,NA,CD99
OBG-0138-PLAC_OBG0138-AFP-RNA2,Inactivated,CD99
OBG-0024-PLAC_OBG0024-WFP-RNA2,Escape,CD99
OBG0174_OBG0174-1-020,Inactivated,CD99
OBG-0201-PLAC_OBG0201-BFP-RNA2,Escape,CD99
OBG0174_OBG0174-2-011,Inactivated,CD99
OBG-0138-PLAC_OBG0138-AFP-RNA1,Inactivated,CD99
OBG-0022-PLAC_OBG0022-WFP-RNA2,NA,CD99
OBG0120_OBG0120-2-011,NA,CD99
OBG-0342-PLAC_OBG0342-WFP-RNA2,Inactivated,CD99
OBG0170_OBG0170-1-020,Escape,CD99
OBG-0289-PLAC_OBG0289-BFP-RNA1,NA,CD99
OBG-0028-PLAC_OBG0028-WFP-RNA1,Escape,CD99
OBG-0338-PLAC_OBG0338-WFP-RNA1,NA,USP11
OBG0166_OBG0166-1-010,NA,USP11
OBG0068_OBG0068-2-021,Escape,USP11
OBG-0050-PLAC_OBG0050-HFP-RNA1,Escape,USP11
OBG-0026-PLAC_OBG0026-WFP-RNA1,NA,USP11
OBG0115_OBG0115-1-010,NA,USP11
OBG-0201-PLAC_OBG0201-BFP-RNA1,NA,USP11
OBG0044_OBG0044-1-010,NA,USP11
OBG0133_OBG0133-1-020,Escape,USP11
OBG-0188-PLAC_OBG0188-BFP-RNA2,NA,USP11
OBG-0342-PLAC_OBG0342-WFP-RNA1,NA,USP11
OBG-0188-PLAC_OBG0188-BFP-RNA1,NA,USP11
OBG-0338-PLAC_OBG0338-WFP-RNA2,NA,USP11
OBG-0180-PLAC_OBG0180-AFP-RNA1,Inactivated,USP11
OBG0133_OBG0133-2-021,NA,USP11
OBG0178_OBG0178-1-020,NA,USP11
OBG0166_OBG0166-2-011,NA,USP11
OBG0115_OBG0115-2-011,NA,USP11
OBG-0205-PLAC_OBG0205-AFP-RNA1,NA,USP11
OBG0178_OBG0178-2-021,NA,USP11
OBG-0205-PLAC_OBG0205-AFP-RNA2,NA,USP11
OBG-0030-PLAC_OBG0030-BFP-RNA2,Escape,USP11
OBG-0024-PLAC_OBG0024-WFP-RNA1,NA,USP11
OBG-0030-PLAC_OBG0030-BFP-RNA1,Inactivated,USP11
OBG-0180-PLAC_OBG0180-AFP-RNA2,NA,USP11
OBG-0289-PLAC_OBG0289-BFP-RNA2,NA,USP11
OBG-0050-PLAC_OBG0050-HFP-RNA2,Escape,USP11
OBG0068_OBG0068-1-020,Escape,USP11
OBG0044_OBG0044-2-011,NA,USP11
OBG-0026-PLAC_OBG0026-WFP-RNA2,NA,USP11
OBG-0022-PLAC_OBG0022-WFP-RNA1,NA,USP11
OBG-0028-PLAC_OBG0028-WFP-RNA2,NA,USP11
OBG0170_OBG0170-2-021,NA,USP11
OBG0120_OBG0120-1-010,NA,USP11
OBG-0138-PLAC_OBG0138-AFP-RNA2,NA,USP11
OBG-0024-PLAC_OBG0024-WFP-RNA2,NA,USP11
OBG0174_OBG0174-1-020,NA,USP11
OBG-0201-PLAC_OBG0201-BFP-RNA2,NA,USP11
OBG0174_OBG0174-2-011,NA,USP11
OBG-0138-PLAC_OBG0138-AFP-RNA1,NA,USP11
OBG-0022-PLAC_OBG0022-WFP-RNA2,NA,USP11
OBG0120_OBG0120-2-011,NA,USP11
OBG-0342-PLAC_OBG0342-WFP-RNA2,NA,USP11
OBG0170_OBG0170-1-020,NA,USP11
OBG-0289-PLAC_OBG0289-BFP-RNA1,NA,USP11
OBG-0028-PLAC_OBG0028-WFP-RNA1,NA,USP11
OBG-0338-PLAC_OBG0338-WFP-RNA1,Escape,ATRX
OBG0166_OBG0166-1-010,NA,ATRX
OBG0068_OBG0068-2-021,Inactivated,ATRX
OBG-0050-PLAC_OBG0050-HFP-RNA1,Inactivated,ATRX
OBG-0026-PLAC_OBG0026-WFP-RNA1,Escape,ATRX
OBG0115_OBG0115-1-010,Inactivated,ATRX
OBG-0201-PLAC_OBG0201-BFP-RNA1,NA,ATRX
OBG0044_OBG0044-1-010,NA,ATRX
OBG0133_OBG0133-1-020,NA,ATRX
OBG-0188-PLAC_OBG0188-BFP-RNA2,NA,ATRX
OBG-0342-PLAC_OBG0342-WFP-RNA1,NA,ATRX
OBG-0188-PLAC_OBG0188-BFP-RNA1,NA,ATRX
OBG-0338-PLAC_OBG0338-WFP-RNA2,Inactivated,ATRX
OBG-0180-PLAC_OBG0180-AFP-RNA1,NA,ATRX
OBG0133_OBG0133-2-021,NA,ATRX
OBG0178_OBG0178-1-020,NA,ATRX
OBG0166_OBG0166-2-011,NA,ATRX
OBG0115_OBG0115-2-011,Escape,ATRX
OBG-0205-PLAC_OBG0205-AFP-RNA1,Inactivated,ATRX
OBG0178_OBG0178-2-021,NA,ATRX
OBG-0205-PLAC_OBG0205-AFP-RNA2,Escape,ATRX
OBG-0030-PLAC_OBG0030-BFP-RNA2,Inactivated,ATRX
OBG-0024-PLAC_OBG0024-WFP-RNA1,NA,ATRX
OBG-0030-PLAC_OBG0030-BFP-RNA1,Inactivated,ATRX
OBG-0180-PLAC_OBG0180-AFP-RNA2,NA,ATRX
OBG-0289-PLAC_OBG0289-BFP-RNA2,Inactivated,ATRX
OBG-0050-PLAC_OBG0050-HFP-RNA2,Escape,ATRX
OBG0068_OBG0068-1-020,Inactivated,ATRX
OBG0044_OBG0044-2-011,NA,ATRX
OBG-0026-PLAC_OBG0026-WFP-RNA2,Escape,ATRX
OBG-0022-PLAC_OBG0022-WFP-RNA1,Inactivated,ATRX
OBG-0028-PLAC_OBG0028-WFP-RNA2,Inactivated,ATRX
OBG0170_OBG0170-2-021,Inactivated,ATRX
OBG0120_OBG0120-1-010,Inactivated,ATRX
OBG-0138-PLAC_OBG0138-AFP-RNA2,NA,ATRX
OBG-0024-PLAC_OBG0024-WFP-RNA2,NA,ATRX
OBG0174_OBG0174-1-020,NA,ATRX
OBG-0201-PLAC_OBG0201-BFP-RNA2,NA,ATRX
OBG0174_OBG0174-2-011,Inactivated,ATRX
OBG-0138-PLAC_OBG0138-AFP-RNA1,NA,ATRX
OBG-0022-PLAC_OBG0022-WFP-RNA2,Escape,ATRX
OBG0120_OBG0120-2-011,Inactivated,ATRX
OBG-0342-PLAC_OBG0342-WFP-RNA2,NA,ATRX
OBG0170_OBG0170-1-020,Inactivated,ATRX
OBG-0289-PLAC_OBG0289-BFP-RNA1,Escape,ATRX
OBG-0028-PLAC_OBG0028-WFP-RNA1,NA,ATRX
OBG-0338-PLAC_OBG0338-WFP-RNA1,NA,TAB3
OBG0166_OBG0166-1-010,NA,TAB3
OBG0068_OBG0068-2-021,Escape,TAB3
OBG-0050-PLAC_OBG0050-HFP-RNA1,NA,TAB3
OBG-0026-PLAC_OBG0026-WFP-RNA1,NA,TAB3
OBG0115_OBG0115-1-010,NA,TAB3
OBG-0201-PLAC_OBG0201-BFP-RNA1,Inactivated,TAB3
OBG0044_OBG0044-1-010,NA,TAB3
OBG0133_OBG0133-1-020,NA,TAB3
OBG-0188-PLAC_OBG0188-BFP-RNA2,Inactivated,TAB3
OBG-0342-PLAC_OBG0342-WFP-RNA1,NA,TAB3
OBG-0188-PLAC_OBG0188-BFP-RNA1,NA,TAB3
OBG-0338-PLAC_OBG0338-WFP-RNA2,NA,TAB3
OBG-0180-PLAC_OBG0180-AFP-RNA1,NA,TAB3
OBG0133_OBG0133-2-021,NA,TAB3
OBG0178_OBG0178-1-020,NA,TAB3
OBG0166_OBG0166-2-011,NA,TAB3
OBG0115_OBG0115-2-011,NA,TAB3
OBG-0205-PLAC_OBG0205-AFP-RNA1,NA,TAB3
OBG0178_OBG0178-2-021,NA,TAB3
OBG-0205-PLAC_OBG0205-AFP-RNA2,NA,TAB3
OBG-0030-PLAC_OBG0030-BFP-RNA2,Inactivated,TAB3
OBG-0024-PLAC_OBG0024-WFP-RNA1,NA,TAB3
OBG-0030-PLAC_OBG0030-BFP-RNA1,NA,TAB3
OBG-0180-PLAC_OBG0180-AFP-RNA2,NA,TAB3
OBG-0289-PLAC_OBG0289-BFP-RNA2,Escape,TAB3
OBG-0050-PLAC_OBG0050-HFP-RNA2,NA,TAB3
OBG0068_OBG0068-1-020,Inactivated,TAB3
OBG0044_OBG0044-2-011,NA,TAB3
OBG-0026-PLAC_OBG0026-WFP-RNA2,NA,TAB3
OBG-0022-PLAC_OBG0022-WFP-RNA1,NA,TAB3
OBG-0028-PLAC_OBG0028-WFP-RNA2,NA,TAB3
OBG0170_OBG0170-2-021,NA,TAB3
OBG0120_OBG0120-1-010,NA,TAB3
OBG-0138-PLAC_OBG0138-AFP-RNA2,NA,TAB3
OBG-0024-PLAC_OBG0024-WFP-RNA2,NA,TAB3
OBG0174_OBG0174-1-020,NA,TAB3
OBG-0201-PLAC_OBG0201-BFP-RNA2,Inactivated,TAB3
OBG0174_OBG0174-2-011,NA,TAB3
OBG-0138-PLAC_OBG0138-AFP-RNA1,NA,TAB3
OBG-0022-PLAC_OBG0022-WFP-RNA2,NA,TAB3
OBG0120_OBG0120-2-011,NA,TAB3
OBG-0342-PLAC_OBG0342-WFP-RNA2,NA,TAB3
OBG0170_OBG0170-1-020,NA,TAB3
OBG-0289-PLAC_OBG0289-BFP-RNA1,NA,TAB3
OBG-0028-PLAC_OBG0028-WFP-RNA1,NA,TAB3
OBG-0338-PLAC_OBG0338-WFP-RNA1,Escape,SYN1
OBG0166_OBG0166-1-010,Escape,SYN1
OBG0068_OBG0068-2-021,Escape,SYN1
OBG-0050-PLAC_OBG0050-HFP-RNA1,Escape,SYN1
OBG-0026-PLAC_OBG0026-WFP-RNA1,NA,SYN1
OBG0115_OBG0115-1-010,Inactivated,SYN1
OBG-0201-PLAC_OBG0201-BFP-RNA1,NA,SYN1
OBG0044_OBG0044-1-010,Inactivated,SYN1
OBG0133_OBG0133-1-020,Escape,SYN1
OBG-0188-PLAC_OBG0188-BFP-RNA2,NA,SYN1
OBG-0342-PLAC_OBG0342-WFP-RNA1,Inactivated,SYN1
OBG-0188-PLAC_OBG0188-BFP-RNA1,NA,SYN1
OBG-0338-PLAC_OBG0338-WFP-RNA2,Inactivated,SYN1
OBG-0180-PLAC_OBG0180-AFP-RNA1,Escape,SYN1
OBG0133_OBG0133-2-021,Escape,SYN1
OBG0178_OBG0178-1-020,NA,SYN1
OBG0166_OBG0166-2-011,Inactivated,SYN1
OBG0115_OBG0115-2-011,Inactivated,SYN1
OBG-0205-PLAC_OBG0205-AFP-RNA1,NA,SYN1
OBG0178_OBG0178-2-021,NA,SYN1
OBG-0205-PLAC_OBG0205-AFP-RNA2,NA,SYN1
OBG-0030-PLAC_OBG0030-BFP-RNA2,Escape,SYN1
OBG-0024-PLAC_OBG0024-WFP-RNA1,Inactivated,SYN1
OBG-0030-PLAC_OBG0030-BFP-RNA1,Escape,SYN1
OBG-0180-PLAC_OBG0180-AFP-RNA2,Inactivated,SYN1
OBG-0289-PLAC_OBG0289-BFP-RNA2,NA,SYN1
OBG-0050-PLAC_OBG0050-HFP-RNA2,Escape,SYN1
OBG0068_OBG0068-1-020,Escape,SYN1
OBG0044_OBG0044-2-011,Escape,SYN1
OBG-0026-PLAC_OBG0026-WFP-RNA2,NA,SYN1
OBG-0022-PLAC_OBG0022-WFP-RNA1,NA,SYN1
OBG-0028-PLAC_OBG0028-WFP-RNA2,NA,SYN1
OBG0170_OBG0170-2-021,Inactivated,SYN1
OBG0120_OBG0120-1-010,NA,SYN1
OBG-0138-PLAC_OBG0138-AFP-RNA2,NA,SYN1
OBG-0024-PLAC_OBG0024-WFP-RNA2,Inactivated,SYN1
OBG0174_OBG0174-1-020,NA,SYN1
OBG-0201-PLAC_OBG0201-BFP-RNA2,NA,SYN1
OBG0174_OBG0174-2-011,NA,SYN1
OBG-0138-PLAC_OBG0138-AFP-RNA1,NA,SYN1
OBG-0022-PLAC_OBG0022-WFP-RNA2,NA,SYN1
OBG0120_OBG0120-2-011,NA,SYN1
OBG-0342-PLAC_OBG0342-WFP-RNA2,Inactivated,SYN1
OBG0170_OBG0170-1-020,Escape,SYN1
OBG-0289-PLAC_OBG0289-BFP-RNA1,NA,SYN1
OBG-0028-PLAC_OBG0028-WFP-RNA1,NA,SYN1
OBG-0338-PLAC_OBG0338-WFP-RNA1,NA,TXLNG
OBG0166_OBG0166-1-010,Escape,TXLNG
OBG0068_OBG0068-2-021,NA,TXLNG
OBG-0050-PLAC_OBG0050-HFP-RNA1,NA,TXLNG
OBG-0026-PLAC_OBG0026-WFP-RNA1,NA,TXLNG
OBG0115_OBG0115-1-010,NA,TXLNG
OBG-0201-PLAC_OBG0201-BFP-RNA1,NA,TXLNG
OBG0044_OBG0044-1-010,NA,TXLNG
OBG0133_OBG0133-1-020,NA,TXLNG
OBG-0188-PLAC_OBG0188-BFP-RNA2,NA,TXLNG
OBG-0342-PLAC_OBG0342-WFP-RNA1,NA,TXLNG
OBG-0188-PLAC_OBG0188-BFP-RNA1,NA,TXLNG
OBG-0338-PLAC_OBG0338-WFP-RNA2,NA,TXLNG
OBG-0180-PLAC_OBG0180-AFP-RNA1,NA,TXLNG
OBG0133_OBG0133-2-021,NA,TXLNG
OBG0178_OBG0178-1-020,NA,TXLNG
OBG0166_OBG0166-2-011,NA,TXLNG
OBG0115_OBG0115-2-011,NA,TXLNG
OBG-0205-PLAC_OBG0205-AFP-RNA1,NA,TXLNG
OBG0178_OBG0178-2-021,Inactivated,TXLNG
OBG-0205-PLAC_OBG0205-AFP-RNA2,NA,TXLNG
OBG-0030-PLAC_OBG0030-BFP-RNA2,NA,TXLNG
OBG-0024-PLAC_OBG0024-WFP-RNA1,NA,TXLNG
OBG-0030-PLAC_OBG0030-BFP-RNA1,Escape,TXLNG
OBG-0180-PLAC_OBG0180-AFP-RNA2,NA,TXLNG
OBG-0289-PLAC_OBG0289-BFP-RNA2,NA,TXLNG
OBG-0050-PLAC_OBG0050-HFP-RNA2,NA,TXLNG
OBG0068_OBG0068-1-020,Escape,TXLNG
OBG0044_OBG0044-2-011,NA,TXLNG
OBG-0026-PLAC_OBG0026-WFP-RNA2,NA,TXLNG
OBG-0022-PLAC_OBG0022-WFP-RNA1,NA,TXLNG
OBG-0028-PLAC_OBG0028-WFP-RNA2,NA,TXLNG
OBG0170_OBG0170-2-021,Inactivated,TXLNG
OBG0120_OBG0120-1-010,NA,TXLNG
OBG-0138-PLAC_OBG0138-AFP-RNA2,NA,TXLNG
OBG-0024-PLAC_OBG0024-WFP-RNA2,NA,TXLNG
OBG0174_OBG0174-1-020,NA,TXLNG
OBG-0201-PLAC_OBG0201-BFP-RNA2,NA,TXLNG
OBG0174_OBG0174-2-011,NA,TXLNG
OBG-0138-PLAC_OBG0138-AFP-RNA1,NA,TXLNG
OBG-0022-PLAC_OBG0022-WFP-RNA2,NA,TXLNG
OBG0120_OBG0120-2-011,NA,TXLNG
OBG-0342-PLAC_OBG0342-WFP-RNA2,NA,TXLNG
OBG0170_OBG0170-1-020,NA,TXLNG
OBG-0289-PLAC_OBG0289-BFP-RNA1,NA,TXLNG
OBG-0028-PLAC_OBG0028-WFP-RNA1,NA,TXLNG
